sample_id,video_id,split,label,timestamp_sec,source_frame_index,source_fps,hog_success,hog_detection_count,hog_ms,yunet_attempted,yunet_success,yunet_detection_count,yunet_confidence,yunet_ms,detector_source,bbox_x1,bbox_y1,bbox_x2,bbox_y2,face_valid,landmark_success,landmark_valid,landmark_ms,ear_left,ear_right,ear_mean,ear_valid,mar,mar_valid,pitch,yaw,roll,head_pose_valid,head_pose_ms,ear_mar_ms,geometry_valid,suspicious_flag,suspicious_reason,failure_reason,total_ms
train_d_438_t1p0,d_438,train,drowsy,1.0,30,30.0,True,1,388.7436999939382,False,False,0,,0.0,HOG,290,320,558,588,True,True,True,3.2682000019121915,0.20761369963434992,0.22453350661577934,0.21607360312506463,True,0.04352147171277173,True,-171.43558651797,32.52132127930374,9.4342220557006,True,1.0824999772012234,0.17529999604448676,True,True,LANDMARK_OUTSIDE_BBOX;SUSPICIOUS_LARGE_POSE,,494.33789998875
train_n_908_t1p0,n_908,train,not_drowsy,1.0,30,30.0,True,1,358.733500004746,False,False,0,,0.0,HOG,141,290,410,559,True,True,True,3.127799980575219,0.3246098277204207,0.2840175669161769,0.3043136973182988,True,0.1226144611408476,True,-171.12454482776732,32.803854542308464,7.086164894704914,True,0.5812000017613173,0.10979999206028879,True,True,LANDMARK_OUTSIDE_BBOX;SUSPICIOUS_LARGE_POSE,,450.11050000903197
val_d_796_t1p0,d_796,val,drowsy,1.0,30,30.01,True,1,359.0361000096891,False,False,0,,0.0,HOG,204,290,590,676,True,True,True,3.1238000083249062,0.18397236258578115,0.22157424579229554,0.20277330418903833,True,0.05274570154347656,True,179.81772984853535,-24.115152755813508,-7.463887210347212,True,0.6346000009216368,0.10730000212788582,True,True,LANDMARK_OUTSIDE_BBOX;SUSPICIOUS_LARGE_POSE,,434.82520000543445
val_n_835_t1p0,n_835,val,not_drowsy,1.0,30,30.0,False,0,365.66229999880306,True,False,0,,36.960900004487485,FACE_NOT_FOUND,,,,,False,False,False,,,,,False,,False,,,,False,,,False,False,,YUNET_FACE_NOT_FOUND,487.388599984115
train_d_438_t3p0,d_438,train,drowsy,3.0,90,30.0,True,1,356.849300005706,False,False,0,,0.0,HOG,290,320,558,588,True,True,True,3.1909999961499125,0.28713930346059685,0.291549070869065,0.2893441871648309,True,0.04001450213119569,True,-163.55265325902002,40.512428873417036,14.068800712310955,True,0.5909999890718609,0.1112000027205795,True,True,LANDMARK_OUTSIDE_BBOX;SUSPICIOUS_LARGE_POSE,,497.1854999894276
train_n_908_t3p0,n_908,train,not_drowsy,3.0,90,30.0,True,1,369.54749998403713,False,False,0,,0.0,HOG,171,290,439,559,True,True,True,3.132300014840439,0.3481990147139345,0.30734258908752116,0.3277708019007278,True,0.04077921595448145,True,-168.67967111047506,31.014323634601514,11.55582078787606,True,0.5770999996457249,0.10549998842179775,True,True,LANDMARK_OUTSIDE_BBOX;SUSPICIOUS_LARGE_POSE,,511.9379000097979
val_d_796_t3p0,d_796,val,drowsy,3.0,90,30.01,True,1,355.21199999493547,False,False,0,,0.0,HOG,204,290,590,676,True,True,True,3.0740000074729323,0.15103951816446837,0.16650230107770145,0.15877090962108492,True,0.022676685475084925,True,178.30900761506888,-22.60000360720877,-6.611340516617124,True,0.6519999878946692,0.10689999908208847,True,True,LANDMARK_OUTSIDE_BBOX;SUSPICIOUS_LARGE_POSE,,460.43370000552386
val_n_835_t3p0,n_835,val,not_drowsy,3.0,90,30.0,False,0,363.28900000080466,True,True,1,0.9286975264549255,36.002799984999,YUNET_FALLBACK,258,640,442,883,True,True,True,3.112700011115521,0.46550384200494754,0.5286651458191589,0.4970844939120532,True,0.4567463418075224,True,176.2002629319851,-37.35051404569549,3.581895579167111,True,0.5348999984562397,0.10809997911565006,True,True,LANDMARK_OUTSIDE_BBOX;SUSPICIOUS_LARGE_POSE,,524.9477999750525
train_d_438_t5p0,d_438,train,drowsy,5.0,150,30.0,True,1,361.50759999873117,False,False,0,,0.0,HOG,290,320,558,588,True,True,True,3.5706000053323805,0.3240563530633214,0.3136376675022165,0.31884701028276896,True,0.045216594355558304,True,-166.63421954889267,38.71809766508924,11.330051128109249,True,0.6180000200401992,0.11520000407472253,True,True,LANDMARK_OUTSIDE_BBOX;SUSPICIOUS_LARGE_POSE,,557.284599984996
train_n_908_t5p0,n_908,train,not_drowsy,5.0,150,30.0,True,1,365.7070999906864,False,False,0,,0.0,HOG,141,290,410,559,True,True,True,3.17510002059862,0.34289198373298724,0.29069767441860467,0.3167948290757959,True,0.013328595119490277,True,-169.0645166953902,32.65317787715794,8.232295445946011,True,0.6479000148829073,0.11190000805072486,True,True,LANDMARK_OUTSIDE_BBOX;SUSPICIOUS_MAR_EXTREME;SUSPICIOUS_LARGE_POSE,,562.7500000118744
val_d_796_t5p0,d_796,val,drowsy,5.0,150,30.01,True,1,359.6573999966495,False,False,0,,0.0,HOG,241,313,563,635,True,True,True,3.192000003764406,0.2773489701174899,0.3412874588451467,0.3093182144813183,True,0.22416551483579322,True,-175.3560814960075,-31.049519595602224,-6.224231162915528,True,0.7845000072848052,0.1112000027205795,True,True,LANDMARK_OUTSIDE_BBOX;SUSPICIOUS_LARGE_POSE,,522.7476000145543
val_n_835_t5p0,n_835,val,not_drowsy,5.0,150,30.0,False,0,453.35480000358075,True,True,1,0.925311267375946,45.6930999935139,YUNET_FALLBACK,263,644,443,890,True,True,True,3.1373999954666942,0.4202365053605314,0.5131929968570512,0.46671475110879135,True,0.29674797480707044,True,174.84486565713723,-40.643527913320696,6.013253263972288,True,0.5299999902490526,0.10879998444579542,True,True,LANDMARK_OUTSIDE_BBOX;SUSPICIOUS_LARGE_POSE,,668.6305000039283
train_d_438_t7p0,d_438,train,drowsy,7.0,210,30.0,True,1,358.96449998836033,False,False,0,,0.0,HOG,290,320,558,588,True,True,True,3.086599987000227,0.2724429605943788,0.2576044498109803,0.26502370520267954,True,0.03296027467093167,True,-169.03093266044644,38.712167269218206,10.46436975294714,True,0.6289999873843044,0.10500001371838152,True,True,LANDMARK_OUTSIDE_BBOX;SUSPICIOUS_LARGE_POSE,,611.286300001666
train_n_908_t7p0,n_908,train,not_drowsy,7.0,210,30.0,True,1,384.5135999727063,False,False,0,,0.0,HOG,171,320,439,588,True,True,True,3.089399979216978,0.37872209437640697,0.3263717628055837,0.35254692859099535,True,0.028654060329427803,True,-168.00944931278767,31.958582620063055,7.8991562030565845,True,0.5794000171590596,0.10540001676417887,True,True,LANDMARK_OUTSIDE_BBOX;SUSPICIOUS_LARGE_POSE,,624.5208000182174
val_d_796_t7p0,d_796,val,drowsy,7.0,210,30.01,True,1,360.22390000289306,False,False,0,,0.0,HOG,241,348,563,670,True,True,True,3.124099981505424,0.27402322720870814,0.3329641929761015,0.30349371009240483,True,0.039248829037128175,True,-178.6737737638739,-25.11118563375362,-5.653254084078908,True,0.6814999796915799,0.15239999629557133,True,True,LANDMARK_OUTSIDE_BBOX;SUSPICIOUS_LARGE_POSE,,546.5154999983497
val_n_835_t7p0,n_835,val,not_drowsy,7.0,210,30.0,False,0,439.1046999953687,True,True,1,0.9340375661849976,40.15549999894574,YUNET_FALLBACK,266,646,450,903,True,True,True,3.1039000023156404,0.43055436175663964,0.49234031284364427,0.461447337300142,True,0.4755400373663937,True,176.08480685964543,-40.486902514813494,7.171750846057742,True,0.5543000006582588,0.10949998977594078,True,True,SUSPICIOUS_LARGE_POSE,,700.7631000014953
train_d_438_t9p0,d_438,train,drowsy,9.0,270,30.0,True,1,360.0754000071902,False,False,0,,0.0,HOG,290,320,558,588,True,True,True,3.2103999983519316,0.3340342317182319,0.28408509085991984,0.30905966128907586,True,0.04825737869983254,True,-162.86942915511153,37.43447567068949,14.254887260814172,True,0.5636999849230051,0.10879998444579542,True,True,LANDMARK_OUTSIDE_BBOX;SUSPICIOUS_LARGE_POSE,,442.33299998450093
train_n_908_t9p0,n_908,train,not_drowsy,9.0,270,30.0,True,1,355.0522000005003,False,False,0,,0.0,HOG,141,290,410,559,True,True,True,3.1749999907333404,0.3396073846019287,0.2734996091388341,0.30655349687038136,True,0.03240144321351887,True,-166.55440671948463,37.268612989624145,8.105698736445403,True,0.5874999915249646,0.11619998258538544,True,True,LANDMARK_OUTSIDE_BBOX;SUSPICIOUS_LARGE_POSE,,431.7332000064198
val_d_796_t9p0,d_796,val,drowsy,9.0,270,30.01,True,1,368.6474999994971,False,False,0,,0.0,HOG,241,348,563,670,True,True,True,3.0978999857325107,0.23593278804466053,0.2618791024680371,0.2489059452563488,True,0.03489126988529393,True,-179.7339521651767,-22.931951875678376,-4.525811375208548,True,0.6305999995674938,0.135900016175583,True,True,LANDMARK_OUTSIDE_BBOX;SUSPICIOUS_LARGE_POSE,,431.9293999869842
val_n_835_t9p0,n_835,val,not_drowsy,9.0,270,30.0,False,0,356.653599999845,True,True,1,0.9268821477890015,36.689900007331744,YUNET_FALLBACK,254,636,444,885,True,True,True,3.115400002570823,0.40897072435186765,0.4282983661489498,0.4186345452504087,True,0.3455393222146242,True,167.3991225590564,-46.43478891004242,8.611428700253766,True,0.5366000114008784,0.11990001075901091,True,True,LANDMARK_OUTSIDE_BBOX;SUSPICIOUS_LARGE_POSE,,463.08819999103434
train_d_5_t3p0,d_5,train,drowsy,3.0,90,30.0,True,1,362.16580000473186,False,False,0,,0.0,HOG,319,558,588,826,True,True,True,3.282499994384125,0.2448910187648417,0.25994604650904196,0.2524185326369418,True,0.08652444267305673,True,177.8534884222122,-30.239355509799193,-1.9219556711868793,True,0.6249999860301614,0.1176999940071255,True,True,LANDMARK_OUTSIDE_BBOX;SUSPICIOUS_LARGE_POSE,,500.34949998371303
train_n_290_t3p0,n_290,train,not_drowsy,3.0,90,29.95,True,1,368.66880001616664,False,False,0,,0.0,HOG,266,638,490,862,True,True,True,3.114899998763576,0.32268205921650833,0.35531676008879737,0.33899940965265285,True,0.10808772653718833,True,166.57649047720008,-20.51894220203376,-0.6440868868555102,True,0.7895999879110605,0.10699999984353781,True,True,SUSPICIOUS_LARGE_POSE,,494.70199999632314
val_d_396_t3p0,d_396,val,drowsy,3.0,90,30.0,True,1,358.8928999961354,False,False,0,,0.0,HOG,171,409,439,677,True,True,True,3.2421000069007277,0.34390521855225087,0.31938520134261494,0.3316452099474329,True,0.07299188818016081,True,-179.58336225199963,34.2555089984881,4.967233192621294,True,0.5464999994728714,0.10599999222904444,True,True,LANDMARK_OUTSIDE_BBOX;SUSPICIOUS_LARGE_POSE,,493.5694999876432
val_n_241_t3p0,n_241,val,not_drowsy,3.0,90,30.0,True,1,374.37609999324195,False,False,0,,0.0,HOG,260,379,528,648,True,True,True,3.218199999537319,0.38317601806780427,0.31349999236496995,0.34833800521638714,True,0.19835057219091048,True,-170.8713561050546,43.01349833054744,13.099553429130575,True,0.5506000015884638,0.11170000652782619,True,True,LANDMARK_OUTSIDE_BBOX;SUSPICIOUS_LARGE_POSE,,498.3963999839034
train_d_5_t5p0,d_5,train,drowsy,5.0,150,30.0,True,1,362.54339999868535,False,False,0,,0.0,HOG,312,527,634,849,True,True,True,3.094100015005097,0.25435591652951706,0.3059125862908311,0.2801342514101741,True,0.06528998016764655,True,177.4350589376363,-29.475192039810576,-0.5886496283611994,True,0.6419999990612268,0.10679999832063913,True,True,LANDMARK_OUTSIDE_BBOX;SUSPICIOUS_LARGE_POSE,,547.3317000141833
train_n_290_t5p0,n_290,train,not_drowsy,5.0,150,29.95,True,1,356.6378999967128,False,False,0,,0.0,HOG,340,638,564,862,True,True,True,3.8099000230431557,0.38968803410642394,0.4404151646360276,0.41505159937122577,True,0.04907493192050712,True,178.11070467289554,-24.17463114865758,8.575612091845203,True,0.8419999794568866,0.14910000027157366,True,True,LANDMARK_OUTSIDE_BBOX;SUSPICIOUS_LARGE_POSE,,520.6394999986514
val_d_396_t5p0,d_396,val,drowsy,5.0,150,30.0,True,1,376.79219999699853,False,False,0,,0.0,HOG,171,439,439,707,True,True,True,3.2143999997060746,0.15824942656788438,0.11005079142517248,0.13415010899652843,True,0.026461534274734695,True,-177.89636212094217,30.762450992938874,4.887149425790847,True,0.652100017759949,0.11340001947246492,True,True,LANDMARK_OUTSIDE_BBOX;SUSPICIOUS_LARGE_POSE,,562.0000000053551
val_n_241_t5p0,n_241,val,not_drowsy,5.0,150,30.0,True,1,357.46539998217486,False,False,0,,0.0,HOG,260,379,528,648,True,True,True,3.310500003863126,0.3377297554652297,0.28967614524698726,0.3137029503561085,True,0.35302993305564956,True,-173.95366889912776,30.596189527122835,14.017736529981752,True,0.6619000050704926,0.12129999231547117,True,True,LANDMARK_OUTSIDE_BBOX;SUSPICIOUS_LARGE_POSE,,525.0006999995094
train_d_5_t7p0,d_5,train,drowsy,7.0,210,30.0,True,1,375.33079998684116,False,False,0,,0.0,HOG,312,527,634,849,True,True,True,3.3936999971047044,0.2597058978717469,0.2992969680787059,0.27950143297522645,True,0.06142951168339512,True,176.84689804663068,-27.180056234064086,-4.00180826012186,True,0.7407999946735799,0.11229998199269176,True,True,LANDMARK_OUTSIDE_BBOX;SUSPICIOUS_LARGE_POSE,,627.3120999976527
train_n_290_t7p0,n_290,train,not_drowsy,7.0,210,29.95,True,1,359.8331999965012,False,False,0,,0.0,HOG,340,638,564,862,True,True,True,4.897000006167218,0.40435177978911596,0.4433159600298658,0.4238338699094909,True,0.06850829372326221,True,179.30413503844946,-22.33841684147057,8.510253131388069,True,0.7258999976329505,0.1534000039100647,True,True,LANDMARK_OUTSIDE_BBOX;SUSPICIOUS_LARGE_POSE,,575.8287999778986
val_d_396_t7p0,d_396,val,drowsy,7.0,210,30.0,True,1,358.4860000119079,False,False,0,,0.0,HOG,171,409,439,677,True,True,True,3.6558000138029456,0.28630995721990926,0.2316384283197311,0.2589741927698202,True,0.051554849690883975,True,178.31183220803226,27.067690693176267,1.9813577205535198,True,0.6531999970320612,0.11359999189153314,True,True,LANDMARK_OUTSIDE_BBOX;SUSPICIOUS_LARGE_POSE,,578.1475999974646
val_n_241_t7p0,n_241,val,not_drowsy,7.0,210,30.0,True,1,355.8371000108309,False,False,0,,0.0,HOG,260,350,528,618,True,True,True,3.107800002908334,0.5009042299737455,0.3433650369838695,0.42213463347880753,True,0.2074163132252403,True,-166.45711759684227,51.744150815402705,17.10244491675831,True,0.5658000009134412,0.11110000195913017,True,True,LANDMARK_OUTSIDE_BBOX;SUSPICIOUS_LARGE_POSE,,579.2135999945458
train_d_5_t9p0,d_5,train,drowsy,9.0,270,30.0,True,1,357.24119999213144,False,False,0,,0.0,HOG,312,527,634,849,True,True,True,3.212000010535121,0.282842712474619,0.30734258908752116,0.29509265078107005,True,0.06639713667590909,True,175.78423517415158,-29.751586110520826,-1.7594522697280064,True,0.6557999877259135,0.10830000974237919,True,True,LANDMARK_OUTSIDE_BBOX;SUSPICIOUS_LARGE_POSE,,424.28420000942424
train_n_290_t9p0,n_290,train,not_drowsy,9.0,270,29.95,True,1,420.5515999929048,False,False,0,,0.0,HOG,266,638,490,862,True,True,True,3.475199977401644,0.41449965126205424,0.46520155945815017,0.43985060536010223,True,0.16177512342148267,True,173.51900356672235,-19.001888685888424,-2.957394770811942,True,0.6311000033747405,0.11190000805072486,True,True,SUSPICIOUS_LARGE_POSE,,478.8898999977391
val_d_396_t9p0,d_396,val,drowsy,9.0,270,30.0,True,1,360.19939999096096,False,False,0,,0.0,HOG,171,409,439,677,True,True,True,3.178299986757338,0.12285194136816893,0.11216507810385536,0.11750850973601215,True,0.03480992977536645,True,175.81617218151015,25.860104099969398,4.398083043295757,True,0.6361000123433769,0.12320000678300858,True,True,LANDMARK_OUTSIDE_BBOX;SUSPICIOUS_LARGE_POSE,,433.943799987901
val_n_241_t9p0,n_241,val,not_drowsy,9.0,270,30.0,True,1,358.55029997765087,False,False,0,,0.0,HOG,260,379,528,648,True,True,True,3.3866000012494624,0.400478389580914,0.32338708681824646,0.3619327381995802,True,0.6784973061162981,True,-162.981349694628,46.60250738186069,19.78438105187999,True,0.6059999868739396,0.11439999798312783,True,True,LANDMARK_OUTSIDE_BBOX;SUSPICIOUS_LARGE_POSE,,418.55269999359734
train_d_5_t1p0,d_5,train,drowsy,1.0,30,30.0,True,1,357.0305000175722,False,False,0,,0.0,HOG,277,527,599,849,True,True,True,3.1651000026613474,0.20378751101202217,0.2241557567932999,0.21397163390266105,True,0.048272687192455546,True,175.5528007944889,-32.350209378736096,-5.337133842978907,True,0.6354000070132315,0.11290001566521823,True,True,LANDMARK_OUTSIDE_BBOX;SUSPICIOUS_LARGE_POSE,,430.9949000016786
train_n_290_t1p0,n_290,train,not_drowsy,1.0,30,29.95,True,1,357.0823000045493,False,False,0,,0.0,HOG,266,638,490,862,True,True,True,3.1287000165320933,0.4002651809425661,0.43687165406569595,0.418568417504131,True,0.1313254306356428,True,178.04957312149628,-24.646430107620787,-1.800221572190211,True,0.5714999861083925,0.10699999984353781,True,True,SUSPICIOUS_LARGE_POSE,,425.4396999895107
val_d_396_t1p0,d_396,val,drowsy,1.0,30,30.0,True,1,416.40539999934845,False,False,0,,0.0,HOG,171,409,439,677,True,True,True,3.6697999748867005,0.3163459361637097,0.27491410276223377,0.29563001946297174,True,0.10702834636089176,True,178.71326095009434,30.637314686571937,3.7351659227662997,True,1.0821000032592565,0.16730002244003117,True,True,LANDMARK_OUTSIDE_BBOX;SUSPICIOUS_LARGE_POSE,,488.55539999203756
val_n_241_t1p0,n_241,val,not_drowsy,1.0,30,30.0,True,1,360.5006999860052,False,False,0,,0.0,HOG,260,379,528,648,True,True,True,3.4551999997347593,0.314420807094108,0.28040441322914816,0.2974126101616281,True,0.2650963448279274,True,-170.11832229919816,41.84705739985419,13.15764403951697,True,0.5955999949947,0.11240001185797155,True,True,LANDMARK_OUTSIDE_BBOX;SUSPICIOUS_LARGE_POSE,,435.66079999436624
train_d_25_t5p0,d_25,train,drowsy,5.0,150,30.0,True,1,481.2153000093531,False,False,0,,0.0,HOG,241,562,563,884,True,True,True,3.1664999842178077,0.21205817449393796,0.2412438354499444,0.22665100497194118,True,0.07614519053051015,True,173.60009001368084,-26.178749029599384,1.1877938410853368,True,0.7337999995797873,0.1128000149037689,True,True,LANDMARK_OUTSIDE_BBOX;SUSPICIOUS_LARGE_POSE,,671.2224000075366
train_n_461_t5p0,n_461,train,not_drowsy,5.0,125,25.0,True,1,434.4873999943957,False,False,0,,0.0,HOG,266,440,490,664,True,True,True,5.9797999856527895,0.32549338848269393,0.37319877116208316,0.3493460798223885,True,0.07625913840471864,True,-171.760117650229,-32.65017210088123,-7.097186995131641,True,1.3537999766413122,0.17749998369254172,True,True,LANDMARK_OUTSIDE_BBOX;SUSPICIOUS_LARGE_POSE,,618.7769000243861
val_d_44_t5p0,d_44,val,drowsy,5.0,150,30.0,True,1,476.18849997525103,False,False,0,,0.0,HOG,205,384,527,706,True,True,True,3.292000008514151,0.3834507566280457,0.46473442804336923,0.42409259233570745,True,0.020816827488178383,True,172.83072633914395,-30.660635193865133,1.7483796830189011,True,0.6158999749459326,0.1134999911300838,True,True,LANDMARK_OUTSIDE_BBOX;SUSPICIOUS_LARGE_POSE,,804.5693000021856
val_n_996_t5p0,n_996,val,not_drowsy,5.0,150,30.0,True,1,391.4758999890182,False,False,0,,0.0,HOG,312,705,634,1027,True,True,True,3.2374000002164394,0.2617687052055024,0.28610444392995144,0.2739365745677269,True,0.11967084026575064,True,159.4935520792287,-29.20079591141729,11.889451049956966,True,0.5927000020164996,0.1134999911300838,True,True,LANDMARK_OUTSIDE_BBOX;SUSPICIOUS_LARGE_POSE,,563.498300005449
train_d_25_t7p0,d_25,train,drowsy,7.0,210,30.0,True,1,371.9379999965895,False,False,0,,0.0,HOG,290,587,558,856,True,True,True,3.2415000023320317,0.25892857142857145,0.27535012961836874,0.2671393505234701,True,0.23485177778388913,True,175.75103573453904,-24.47752137061167,1.0978639970506556,True,0.6302999972831458,0.11059999815188348,True,True,LANDMARK_OUTSIDE_BBOX;SUSPICIOUS_LARGE_POSE,,619.718500005547
train_n_461_t7p0,n_461,train,not_drowsy,7.0,175,25.0,True,1,396.03600002010353,False,False,0,,0.0,HOG,266,440,490,664,True,True,True,3.348099999129772,0.34146341463414637,0.4012662739153555,0.3713648442747509,True,0.18270957642528596,True,-172.2304979841361,-31.093009977777673,-7.451837439425948,True,0.5923999997321516,0.1142999972216785,True,True,LANDMARK_OUTSIDE_BBOX;SUSPICIOUS_LARGE_POSE,,651.4997000049334
val_d_44_t7p0,d_44,val,drowsy,7.0,210,30.0,True,1,403.03810001933016,False,False,0,,0.0,HOG,205,384,527,706,True,True,True,3.178200015099719,0.2631578947368421,0.3120686558386367,0.2876132752877394,True,0.01204033041046455,True,168.77160739029256,-31.563227423426547,3.4897472219482997,True,0.5976000102236867,0.1218999968841672,True,True,LANDMARK_OUTSIDE_BBOX;SUSPICIOUS_MAR_EXTREME;SUSPICIOUS_LARGE_POSE,,663.4064999816474
val_n_996_t7p0,n_996,val,not_drowsy,7.0,210,30.0,True,1,395.9999999788124,False,False,0,,0.0,HOG,349,706,618,975,True,True,True,3.265800012741238,0.2774836888967085,0.2718566931561816,0.2746701910264451,True,0.11774805889287605,True,160.3288942377424,-22.15885162060473,14.83842986010333,True,0.683599995682016,0.11019999510608613,True,True,LANDMARK_OUTSIDE_BBOX;SUSPICIOUS_LARGE_POSE,,637.4871000007261
train_d_25_t9p0,d_25,train,drowsy,9.0,270,30.0,True,1,404.79899998172186,False,False,0,,0.0,HOG,241,562,563,884,True,True,True,3.126100025838241,0.1975617865900909,0.22300331033379975,0.21028254846194533,True,0.04805915080541288,True,174.5876036533573,-27.076884453996172,-2.006686629082961,True,0.7646000012755394,0.11180000728927553,True,True,LANDMARK_OUTSIDE_BBOX;SUSPICIOUS_LARGE_POSE,,476.0905000148341
train_n_461_t9p0,n_461,train,not_drowsy,9.0,225,25.0,True,1,385.08040001033805,False,False,0,,0.0,HOG,266,440,490,664,True,True,True,3.273200010880828,0.32133750227490093,0.36326719753301767,0.3423023499039593,True,0.17999778465628316,True,-172.50200416403135,-32.07363100620319,-7.441601977565175,True,0.602099986281246,0.12489999062381685,True,True,LANDMARK_OUTSIDE_BBOX;SUSPICIOUS_LARGE_POSE,,712.623600004008
val_d_44_t9p0,d_44,val,drowsy,9.0,270,30.0,True,1,391.58989998395555,False,False,0,,0.0,HOG,230,379,499,648,True,True,True,3.1137000187300146,0.32384679151381235,0.38639302670081843,0.3551199091073154,True,0.019735133805428285,True,178.75947549766354,-36.99320900319566,-0.8823807535070817,True,0.6590999837499112,0.11240001185797155,True,True,LANDMARK_OUTSIDE_BBOX;SUSPICIOUS_MAR_EXTREME;SUSPICIOUS_LARGE_POSE,,458.66959998966195
val_n_996_t9p0,n_996,val,not_drowsy,9.0,270,30.0,True,1,371.3469000067562,False,False,0,,0.0,HOG,319,706,588,975,True,True,True,3.259999997681007,0.31529719673944234,0.3250472069745623,0.32017220185700235,True,0.02078327960349334,True,158.55544706202812,-22.064877334475913,11.724075208081947,True,0.8443999977316707,0.11299998732283711,True,True,LANDMARK_OUTSIDE_BBOX;SUSPICIOUS_LARGE_POSE,,431.6144000040367
train_d_25_t1p0,d_25,train,drowsy,1.0,30,30.0,True,1,365.7746999815572,False,False,0,,0.0,HOG,241,562,563,884,True,True,True,3.4423000179231167,0.20190758673825954,0.20452717070834175,0.20321737872330065,True,0.06395000728037993,True,175.7999271272614,-32.16982591923902,-1.323548412860401,True,0.8797000045888126,0.1571000029798597,True,True,LANDMARK_OUTSIDE_BBOX;SUSPICIOUS_LARGE_POSE,,451.079699996626
train_n_461_t1p0,n_461,train,not_drowsy,1.0,25,25.0,True,1,398.8602999888826,False,False,0,,0.0,HOG,230,409,499,677,True,True,True,3.199099999619648,0.34922437649270827,0.3684804749810371,0.3588524257368727,True,0.0939432340686662,True,-172.81738954615992,-22.17045738671249,-4.231090602952757,True,0.611299998126924,0.10770000517368317,True,True,LANDMARK_OUTSIDE_BBOX;SUSPICIOUS_LARGE_POSE,,478.9541999925859
val_d_44_t1p0,d_44,val,drowsy,1.0,30,30.0,True,1,359.71849999623373,False,False,0,,0.0,HOG,205,384,527,706,True,True,True,3.1655000057071447,0.34903051518250927,0.4448060281389766,0.3969182716607429,True,0.025079139666757788,True,173.8131176787226,-31.47925422997117,-0.5175330659612504,True,0.6244000105652958,0.10639999527484179,True,True,LANDMARK_OUTSIDE_BBOX;SUSPICIOUS_LARGE_POSE,,431.62519999896176
val_n_996_t1p0,n_996,val,not_drowsy,1.0,30,30.0,False,0,357.11989999981597,True,False,0,,40.39139999076724,FACE_NOT_FOUND,,,,,False,False,False,,,,,False,,False,,,,False,,,False,False,,YUNET_FACE_NOT_FOUND,454.7372999950312
train_d_25_t3p0,d_25,train,drowsy,3.0,90,30.0,True,1,359.01410001679324,False,False,0,,0.0,HOG,277,562,599,884,True,True,True,3.190899995388463,0.2049288705767003,0.22029074896963588,0.2126098097731681,True,0.04977553804322852,True,173.07799916674588,-33.073748555142195,1.813452161288065,True,0.694099988322705,0.11059999815188348,True,True,LANDMARK_OUTSIDE_BBOX;SUSPICIOUS_LARGE_POSE,,489.2104000027757
train_n_461_t3p0,n_461,train,not_drowsy,3.0,75,25.0,True,1,358.41159999836236,False,False,0,,0.0,HOG,266,440,490,664,True,True,True,3.3050999918486923,0.3333333333333333,0.3747299064210104,0.35403161987717185,True,0.04962524777917453,True,-172.94073961255748,-31.609019627752517,-7.1183165062589016,True,0.606699992204085,0.11100000119768083,True,True,LANDMARK_OUTSIDE_BBOX;SUSPICIOUS_LARGE_POSE,,470.5837000219617
val_d_44_t3p0,d_44,val,drowsy,3.0,90,30.0,True,1,376.5858999977354,False,False,0,,0.0,HOG,205,384,527,706,True,True,True,3.237900004023686,0.33328704667986664,0.4405003428808266,0.38689369478034663,True,0.00822217187426218,True,173.46385324975134,-32.56126663371928,0.4892538794301639,True,0.6087999790906906,0.10760000441223383,True,True,LANDMARK_OUTSIDE_BBOX;SUSPICIOUS_MAR_EXTREME;SUSPICIOUS_LARGE_POSE,,508.33139999303967
val_n_996_t3p0,n_996,val,not_drowsy,3.0,90,30.0,True,1,365.7844999979716,False,False,0,,0.0,HOG,349,706,618,975,True,True,True,4.8470000037923455,0.2886039885346825,0.3585117215719395,0.323557855053311,True,0.05496212199773481,True,159.39869830772113,-33.27906971544729,11.36036532357598,True,0.7480000203941017,0.14730001566931605,True,True,LANDMARK_OUTSIDE_BBOX;SUSPICIOUS_LARGE_POSE,,485.1199999975506
train_d_737_t7p0,d_737,train,drowsy,7.0,175,25.0,True,1,359.0583000041079,False,False,0,,0.0,HOG,200,647,469,915,True,True,True,3.2521999964956194,0.44272037482907206,0.38028928563659287,0.41150483023283246,True,0.029618165210014806,True,172.94770525833238,26.70046061862565,2.262564325505501,True,0.5514000076800585,0.11039999662898481,True,True,LANDMARK_OUTSIDE_BBOX;SUSPICIOUS_LARGE_POSE,,558.760899992194
train_n_883_t7p0,n_883,train,not_drowsy,7.0,210,30.0,True,1,469.5243999885861,False,False,0,,0.0,HOG,241,663,465,886,True,True,True,3.2927000138442963,0.19344551449124714,0.23112508176051214,0.21228529812587965,True,0.08132714124571536,True,170.27748864459585,-33.86439976599028,-1.6655907502793084,True,0.8074000070337206,0.1601999974809587,True,True,LANDMARK_OUTSIDE_BBOX;SUSPICIOUS_LARGE_POSE,,686.9563999935053
val_d_609_t7p0,d_609,val,drowsy,7.0,210,29.97,True,1,371.80620001163334,False,False,0,,0.0,HOG,366,449,552,635,True,True,True,3.4196000196971,0.15434872662825797,0.2102138417049081,0.182281284166583,True,0.029138575870717925,True,-170.26197329333064,-33.20650484520271,-7.513957087044491,True,0.6084000051487237,0.11179997818544507,True,True,LANDMARK_OUTSIDE_BBOX;SUSPICIOUS_LARGE_POSE,,587.054800009355
val_n_640_t7p0,n_640,val,not_drowsy,7.0,210,30.0,True,1,381.84809999074787,False,False,0,,0.0,HOG,319,379,588,648,True,True,True,3.179100021952763,0.2503768521195921,0.373521753585571,0.31194930285258154,True,0.39471074463923406,True,-173.10369497575363,-46.91837657791268,-1.298482955563538,True,0.5651999963447452,0.11229998199269176,True,True,LANDMARK_OUTSIDE_BBOX;SUSPICIOUS_LARGE_POSE,,473.371700005373
train_d_737_t9p0,d_737,train,drowsy,9.0,225,25.0,True,1,373.5778999980539,False,False,0,,0.0,HOG,171,647,439,915,True,True,True,3.1180999940261245,0.33724457828021365,0.25956083251473594,0.2984027053974748,True,0.14684457253052435,True,175.69061917644282,24.97370507508236,1.224388207423831,True,0.6283999828156084,0.10919998749159276,True,True,LANDMARK_OUTSIDE_BBOX;SUSPICIOUS_LARGE_POSE,,592.0633000205271
train_n_883_t9p0,n_883,train,not_drowsy,9.0,270,30.0,True,1,375.376200012397,False,False,0,,0.0,HOG,241,663,465,886,True,True,True,3.1789999920874834,0.2700580194953712,0.3281740563112418,0.29911603790330654,True,0.04905209414516019,True,168.71339543105574,-34.528650812989675,2.166158675305043,True,0.6951999966986477,0.11520000407472253,True,True,LANDMARK_OUTSIDE_BBOX;SUSPICIOUS_LARGE_POSE,,444.3872999981977
val_d_609_t9p0,d_609,val,drowsy,9.0,270,29.97,True,1,361.5492999961134,False,False,0,,0.0,HOG,340,415,564,639,True,True,True,3.202299994882196,0.3786749528431126,0.4419809041638505,0.41032792850348154,True,0.10168026149091394,True,-170.7578127774763,-36.57871038883333,-5.367398827555296,True,0.5517000099644065,0.11439999798312783,True,True,LANDMARK_OUTSIDE_BBOX;SUSPICIOUS_LARGE_POSE,,419.60549997747876
val_n_640_t9p0,n_640,val,not_drowsy,9.0,270,30.0,True,1,366.68559999088757,False,False,0,,0.0,HOG,260,379,528,648,True,True,True,3.3645000075921416,0.31288229968409864,0.3959380219958421,0.35441016083997035,True,0.03298407790137369,True,-175.42228519419987,-42.885588553187944,-3.6202744741421626,True,0.5476000078488141,0.1128000149037689,True,True,LANDMARK_OUTSIDE_BBOX;SUSPICIOUS_LARGE_POSE,,492.96510001295246
train_d_737_t1p0,d_737,train,drowsy,1.0,25,25.0,True,1,358.30299998633564,False,False,0,,0.0,HOG,171,647,439,915,True,True,True,3.1097000173758715,0.2027294300043367,0.16992493749949542,0.18632718375191606,True,0.18700591822158943,True,169.6339321716221,28.703689636115804,-4.307167331168076,True,0.6343999993987381,0.10619999375194311,True,True,LANDMARK_OUTSIDE_BBOX;SUSPICIOUS_LARGE_POSE,,421.0144999960903
train_n_883_t1p0,n_883,train,not_drowsy,1.0,30,30.0,True,1,358.65999999805354,False,False,0,,0.0,HOG,241,663,465,886,True,True,True,3.1503000063821673,0.2856333353554675,0.28607319218537186,0.28585326377041964,True,0.06347920495127506,True,172.22199301922254,-10.010790714199262,-0.8305142467543686,True,0.7727000047452748,0.1109000004362315,True,True,LANDMARK_OUTSIDE_BBOX;SUSPICIOUS_LARGE_POSE,,421.41010001068935
val_d_609_t1p0,d_609,val,drowsy,1.0,30,29.97,True,1,382.3380999965593,False,False,0,,0.0,HOG,366,449,552,635,True,True,True,3.2571000047028065,0.22360679774997896,0.2642623693712568,0.24393458356061787,True,0.0607705952262494,True,-166.58371706000793,-34.393504256488875,-8.091668327282092,True,0.665700004901737,0.11220001033507288,True,True,LANDMARK_OUTSIDE_BBOX;SUSPICIOUS_LARGE_POSE,,444.10249998327345
val_n_640_t1p0,n_640,val,not_drowsy,1.0,30,30.0,True,1,375.94699999317527,False,False,0,,0.0,HOG,260,379,528,648,True,True,True,3.262299986090511,0.28474932977601863,0.341854569497884,0.31330194963695135,True,0.4227029265434006,True,-174.89028180134352,-45.422965263094824,-6.111488665090087,True,0.5870999884791672,0.11699998867698014,True,True,LANDMARK_OUTSIDE_BBOX;SUSPICIOUS_LARGE_POSE,,441.7078999977093
train_d_737_t3p0,d_737,train,drowsy,3.0,75,25.0,True,1,382.34969999757595,False,False,0,,0.0,HOG,171,647,439,915,True,True,True,3.2788000244181603,0.3081493670848114,0.25665074411203975,0.28240005559842557,True,0.037874682209077824,True,170.92039945220205,31.151148362302905,-8.882792848730832,True,0.5025000136811286,0.1120000088121742,True,True,LANDMARK_OUTSIDE_BBOX;SUSPICIOUS_LARGE_POSE,,486.67690000729635
train_n_883_t3p0,n_883,train,not_drowsy,3.0,90,30.0,True,1,369.3937000061851,False,False,0,,0.0,HOG,241,663,465,886,True,True,True,3.2349000102840364,0.32438397573790506,0.35391694173046495,0.33915045873418503,True,0.04006058179782252,True,168.45673275223317,-34.093306746826634,1.0830254858908634,True,0.6353000062517822,0.11369999265298247,True,True,LANDMARK_OUTSIDE_BBOX;SUSPICIOUS_LARGE_POSE,,482.2699000069406
val_d_609_t3p0,d_609,val,drowsy,3.0,90,29.97,True,1,374.50569999055006,False,False,0,,0.0,HOG,366,449,552,635,True,True,True,3.180600004270673,0.32883376589355096,0.388907457178622,0.35887061153608646,True,0.049015144473689605,True,-164.48494044672987,-30.037808115180503,-7.965150979198619,True,0.7809000089764595,0.1109000004362315,True,True,LANDMARK_OUTSIDE_BBOX;SUSPICIOUS_LARGE_POSE,,480.1397999981418
val_n_640_t3p0,n_640,val,not_drowsy,3.0,90,30.0,True,1,362.5350999936927,False,False,0,,0.0,HOG,290,379,558,648,True,True,True,3.1103999936021864,0.2646883131220156,0.3272538626693675,0.29597108789569154,True,0.048622615623246296,True,179.5351693653798,-40.80612655362701,4.380766434649949,True,0.585700006922707,0.10869998368434608,True,True,LANDMARK_OUTSIDE_BBOX;SUSPICIOUS_LARGE_POSE,,465.9300000057556
train_d_737_t5p0,d_737,train,drowsy,5.0,125,25.0,True,1,376.0208000021521,False,False,0,,0.0,HOG,200,647,469,915,True,True,True,3.049299994017929,0.3147908261825695,0.25882397269482704,0.28680739943869826,True,0.0481352359770288,True,172.03795752319135,23.45988568703845,2.166170022945478,True,0.6568999961018562,0.12430001515895128,True,True,LANDMARK_OUTSIDE_BBOX;SUSPICIOUS_LARGE_POSE,,516.9097000034526
train_n_883_t5p0,n_883,train,not_drowsy,5.0,150,30.0,True,1,359.001700009685,False,False,0,,0.0,HOG,241,663,465,886,True,True,True,3.5814000002574176,0.3445526076522532,0.34102967506582255,0.3427911413590379,True,0.07009580400547863,True,169.16946935319743,-32.93519717791678,0.9082562645910907,True,0.8959000115282834,0.1598999951966107,True,True,LANDMARK_OUTSIDE_BBOX;SUSPICIOUS_LARGE_POSE,,514.8295999970287
val_d_609_t5p0,d_609,val,drowsy,5.0,150,29.97,True,1,361.28360001021065,False,False,0,,0.0,HOG,340,415,564,639,True,True,True,3.2424000091850758,0.21843290446712285,0.1909991798288123,0.20471604214796757,True,0.09854529968046273,True,-174.6869872395594,-35.38964604378837,-2.736452472830564,True,0.655200012261048,0.11439999798312783,True,True,LANDMARK_OUTSIDE_BBOX;SUSPICIOUS_LARGE_POSE,,509.09119998686947
val_n_640_t5p0,n_640,val,not_drowsy,5.0,150,30.0,True,1,366.9627000053879,False,False,0,,0.0,HOG,290,379,558,648,True,True,True,3.2983999990392476,0.33752182448168205,0.4069546531839504,0.37223823883281626,True,0.03471220315399718,True,-171.15904847706219,-43.925659249135464,-0.7508807588834459,True,0.6436000112444162,0.11219998123124242,True,True,LANDMARK_OUTSIDE_BBOX;SUSPICIOUS_LARGE_POSE,,533.2054999889806
train_d_620_t9p0,d_620,train,drowsy,9.0,270,29.97,True,1,359.1133000154514,False,False,0,,0.0,HOG,340,415,564,639,True,True,True,3.0657000024802983,0.2865602699628263,0.3449277770016724,0.31574402348224934,True,0.034160605884356564,True,-169.87003635760817,-39.730915356326776,-5.887083853853584,True,0.590300012845546,0.10639999527484179,True,True,LANDMARK_OUTSIDE_BBOX;SUSPICIOUS_LARGE_POSE,,423.4623000083957
train_n_153_t9p0,n_153,train,not_drowsy,9.0,225,25.0,True,1,363.16639999859035,False,False,0,,0.0,HOG,221,655,408,842,True,True,True,3.208300011465326,0.35465423412053854,0.3790850342375677,0.3668696341790531,True,0.0399964449184483,True,163.92359571549622,-25.24080892615357,3.886672916482774,True,0.6628000119235367,0.11119997361674905,True,True,LANDMARK_OUTSIDE_BBOX;SUSPICIOUS_LARGE_POSE,,553.6274000187404
val_d_852_t9p0,d_852,val,drowsy,9.0,270,30.0,False,0,366.83530002483167,True,True,1,0.9097912311553955,42.4252999946475,YUNET_FALLBACK,302,643,562,1032,True,True,True,3.147700015688315,0.35695511745184716,0.45772094218924925,0.40733802982054823,True,0.3855478526656541,True,156.72308928073642,-38.381637145981934,24.769526393920493,True,0.5838999932166189,0.10779997683130205,True,True,LANDMARK_OUTSIDE_BBOX;SUSPICIOUS_LARGE_POSE,,479.37240000464953
val_n_658_t9p0,n_658,val,not_drowsy,9.0,270,30.0,True,1,371.95540001266636,False,False,0,,0.0,HOG,216,415,440,639,True,True,True,3.164399997331202,0.2395514519592993,0.3064810529839492,0.27301625247162425,True,0.25689416317767816,True,-165.83467104397832,-44.64489147650839,-20.583861821011396,True,0.5480000108946115,0.11169997742399573,True,True,LANDMARK_OUTSIDE_BBOX;SUSPICIOUS_LARGE_POSE,,430.58270000619814
train_d_620_t1p0,d_620,train,drowsy,1.0,30,29.97,True,1,360.85599998477846,False,False,0,,0.0,HOG,365,440,589,664,True,True,True,3.723900008480996,0.30162095390436544,0.3631494565093147,0.33238520520684006,True,0.0731063303304383,True,-167.98648550753992,-36.48771116836858,-11.956720730829618,True,0.6490999949164689,0.15429998165927827,True,True,LANDMARK_OUTSIDE_BBOX;SUSPICIOUS_LARGE_POSE,,421.4124999998603
train_n_153_t1p0,n_153,train,not_drowsy,1.0,25,25.0,True,1,380.709899996873,False,False,0,,0.0,HOG,218,666,374,822,True,True,True,3.213299991330132,0.3707748811260176,0.41200439004630823,0.3913896355861629,True,0.03670336958792415,True,164.61032322130097,-25.975450798629776,2.077412867219785,True,0.6318999803625047,0.11029999586753547,True,True,LANDMARK_OUTSIDE_BBOX;SUSPICIOUS_LARGE_POSE,,434.35319999116473
val_d_852_t1p0,d_852,val,drowsy,1.0,30,30.0,True,1,356.4650000189431,False,False,0,,0.0,HOG,312,669,634,991,True,True,True,3.0832999909762293,0.29288784842955784,0.37676579895977164,0.33482682369466477,True,0.05960787776784028,True,158.8257613033544,-28.031947853051108,10.329135016715814,True,0.5169999785721302,0.11170000652782619,True,True,LANDMARK_OUTSIDE_BBOX;SUSPICIOUS_LARGE_POSE,,414.6474000008311
val_n_658_t1p0,n_658,val,not_drowsy,1.0,30,30.0,True,1,357.5526000058744,False,False,0,,0.0,HOG,200,439,469,707,True,True,True,3.133899997919798,0.30961553184468704,0.3504043196399496,0.33000992574231836,True,0.07254188404388497,True,-172.6109568056361,-37.886206073592184,-12.11969060545769,True,0.6277000065892935,0.11100000119768083,True,True,LANDMARK_OUTSIDE_BBOX;SUSPICIOUS_LARGE_POSE,,416.28529998706654
train_d_620_t3p0,d_620,train,drowsy,3.0,90,29.97,True,1,361.9345000188332,False,False,0,,0.0,HOG,340,415,564,639,True,True,True,3.0508999770972878,0.3108631704638069,0.3570097475112948,0.33393645898755087,True,0.06646918656675294,True,-168.82390404265348,-39.257418286008914,-12.278749150519985,True,0.4889999981969595,0.10610002209432423,True,True,LANDMARK_OUTSIDE_BBOX;SUSPICIOUS_LARGE_POSE,,484.8375000001397
train_n_153_t3p0,n_153,train,not_drowsy,3.0,75,25.0,True,1,361.7615000111982,False,False,0,,0.0,HOG,180,634,367,821,True,True,True,3.1488999957218766,0.3987046786308199,0.37491836656568567,0.3868115225982528,True,0.0309108372017933,True,163.24156773968767,6.351808850160039,-7.0158901858390665,True,0.6705999840050936,0.1066999975591898,True,True,LANDMARK_OUTSIDE_BBOX;SUSPICIOUS_LARGE_POSE,,440.6763000006322
val_d_852_t3p0,d_852,val,drowsy,3.0,90,30.0,True,1,359.1692000045441,False,False,0,,0.0,HOG,349,736,618,1004,True,True,True,3.16909997491166,0.21585335085629445,0.28014522972236605,0.24799929028933027,True,0.027374154301398026,True,168.21023939128435,-27.086101472327705,8.045471643095855,True,0.5062000127509236,0.11039999662898481,True,True,LANDMARK_OUTSIDE_BBOX;SUSPICIOUS_LARGE_POSE,,468.4294000035152
val_n_658_t3p0,n_658,val,not_drowsy,3.0,90,30.0,True,1,360.7365000061691,False,False,0,,0.0,HOG,241,440,465,664,True,True,True,3.267699998104945,0.3256193899061983,0.36410421542367916,0.3448618026649387,True,0.09621514669643283,True,-172.4733764281597,-33.050514546986655,-9.329002139734046,True,0.6444000173360109,0.11369999265298247,True,True,LANDMARK_OUTSIDE_BBOX;SUSPICIOUS_LARGE_POSE,,458.48729999852367
train_d_620_t5p0,d_620,train,drowsy,5.0,150,29.97,True,1,354.8738000099547,False,False,0,,0.0,HOG,345,428,532,615,True,True,True,3.1139000202529132,0.3325950526188697,0.4556789913891111,0.39413702200399037,True,0.04991808020444679,True,-170.25928631024073,-36.467970393226224,-7.565296761713175,True,0.5623000033665448,0.11000002268701792,True,True,LANDMARK_OUTSIDE_BBOX;SUSPICIOUS_LARGE_POSE,,504.0778999973554
train_n_153_t5p0,n_153,train,not_drowsy,5.0,125,25.0,True,1,359.5827000099234,False,False,0,,0.0,HOG,221,655,408,842,True,True,True,3.240399993956089,0.3442906962246562,0.3963161721574571,0.37030343419105666,True,0.0514775248750031,True,164.14757210586515,-26.534909760404105,2.3710487771536104,True,0.603299995418638,0.11079999967478216,True,True,LANDMARK_OUTSIDE_BBOX;SUSPICIOUS_LARGE_POSE,,468.7184999929741
val_d_852_t5p0,d_852,val,drowsy,5.0,150,30.0,True,1,359.4206999987364,False,False,0,,0.0,HOG,319,706,588,975,True,True,True,3.130800003418699,0.18318582636182792,0.19638286459597862,0.18978434547890327,True,0.12329109391771799,True,160.1305681135025,-25.936998362238125,7.637717408999773,True,0.5308999971020967,0.11260001338087022,True,True,LANDMARK_OUTSIDE_BBOX;SUSPICIOUS_LARGE_POSE,,510.9585000027437
val_n_658_t5p0,n_658,val,not_drowsy,5.0,150,30.0,True,1,371.22629999066703,False,False,0,,0.0,HOG,216,415,440,639,True,True,True,3.1347000040113926,0.23424927247445101,0.33978430739927235,0.2870167899368617,True,0.42194831976502234,True,-155.8760898291259,-48.973005355068906,-30.117498143565538,True,0.5306000239215791,0.10420000762678683,True,True,LANDMARK_OUTSIDE_BBOX;SUSPICIOUS_LARGE_POSE,,511.94219998433255
train_d_620_t7p0,d_620,train,drowsy,7.0,210,29.97,True,1,353.74550000415184,False,False,0,,0.0,HOG,340,415,564,639,True,True,True,3.1774000090081245,0.29679921682334404,0.3450817774881074,0.3209404971557257,True,0.053494721371611896,True,-170.97674496559478,-38.961087258964376,-6.424894808653467,True,0.5341999931260943,0.10779997683130205,True,True,LANDMARK_OUTSIDE_BBOX;SUSPICIOUS_LARGE_POSE,,546.9671000028029
train_n_153_t7p0,n_153,train,not_drowsy,7.0,175,25.0,True,1,358.19830000400543,False,False,0,,0.0,HOG,221,655,408,842,True,True,True,3.179799998179078,0.3870967741935484,0.4107142857142857,0.39890552995391704,True,0.03156441555005324,True,162.82160493803426,-25.515585384727597,4.143202736034244,True,0.6561999907717109,0.11210000957362354,True,True,LANDMARK_OUTSIDE_BBOX;SUSPICIOUS_LARGE_POSE,,504.3025999912061
val_d_852_t7p0,d_852,val,drowsy,7.0,210,30.0,True,1,363.70860002352856,False,False,0,,0.0,HOG,349,706,618,975,True,True,True,4.106399981537834,0.2676799303603349,0.2795010143057152,0.273590472333025,True,0.03640371600231456,True,159.53185177783368,-24.10701599277352,9.943440026932926,True,0.6089000089559704,0.1412999990861863,True,True,LANDMARK_OUTSIDE_BBOX;SUSPICIOUS_LARGE_POSE,,581.7375999758951
val_n_658_t7p0,n_658,val,not_drowsy,7.0,210,30.0,True,1,358.25089999707416,False,False,0,,0.0,HOG,191,440,415,664,True,True,True,3.342400013934821,0.3181396827069676,0.33409483758597175,0.3261172601464697,True,0.1878897702983502,True,-174.96416786448077,-22.884135890299845,-17.24549138798666,True,0.7992000028025359,0.1196000084746629,True,True,LANDMARK_OUTSIDE_BBOX;SUSPICIOUS_LARGE_POSE,,564.5208000205457
train_d_936_t1p0,d_936,train,drowsy,1.0,30,29.92,True,1,371.38699999195524,False,False,0,,0.0,HOG,200,587,469,856,True,True,True,3.330400009872392,0.32737299989329655,0.3355550979686259,0.33146404893096126,True,0.04510850947771663,True,159.39827926038322,-5.3174293362561205,-14.527220925850017,True,0.5484999855980277,0.11130000348202884,True,True,LANDMARK_OUTSIDE_BBOX;SUSPICIOUS_LARGE_POSE,,443.26480000745505
train_n_474_t1p0,n_474,train,not_drowsy,1.0,25,25.0,True,1,357.6889999967534,False,False,0,,0.0,HOG,200,409,469,677,True,True,True,3.1974000157788396,0.3743396716748408,0.4104279501571749,0.3923838109160078,True,0.0982542721911996,True,-169.74841196478982,-33.65301529012558,-15.293614122743511,True,0.6682999955955893,0.1052000152412802,True,True,LANDMARK_OUTSIDE_BBOX;SUSPICIOUS_LARGE_POSE,,433.59450000571087
val_d_280_t1p0,d_280,val,drowsy,1.0,30,29.95,True,1,358.3340000186581,False,False,0,,0.0,HOG,315,613,539,837,True,True,True,3.3574000117368996,0.4100040272172412,0.4779759848476138,0.4439900060324275,True,0.08278116706466515,True,173.991960778183,-31.87596857969447,2.1176357159587935,True,0.4755000118166208,0.1343000039923936,True,True,LANDMARK_OUTSIDE_BBOX;SUSPICIOUS_LARGE_POSE,,425.63199999858625
val_n_1002_t1p0,n_1002,val,not_drowsy,1.0,30,29.92,True,1,377.10250000236556,False,False,0,,0.0,HOG,230,617,499,886,True,True,True,3.1968000112101436,0.3397839576152592,0.3829828727488111,0.36138341518203515,True,0.05655043890470832,True,164.17477187728142,-22.465341939675508,-10.538120201373424,True,0.594300014199689,0.10760000441223383,True,True,SUSPICIOUS_LARGE_POSE,,432.6553999853786
train_d_936_t3p0,d_936,train,drowsy,3.0,90,29.92,True,1,363.4792000229936,False,False,0,,0.0,HOG,200,617,469,886,True,True,True,3.293200017651543,0.3377779740177616,0.3351548405189573,0.3364664072683594,True,0.06902709119715057,True,163.79418664285743,-0.33450959590076723,-22.494850695002015,True,0.6216000183485448,0.1136000209953636,True,True,LANDMARK_OUTSIDE_BBOX;SUSPICIOUS_LARGE_POSE,,470.18440000829287
train_n_474_t3p0,n_474,train,not_drowsy,3.0,75,25.0,True,1,358.88310000882484,False,False,0,,0.0,HOG,230,409,499,677,True,True,True,3.3477000251878053,0.3329097833051225,0.35874066568722746,0.345825224496175,True,0.06723194682441497,True,-171.80625746585963,-33.402293482182124,-11.088569161981614,True,0.5506000015884638,0.1632000203244388,True,True,LANDMARK_OUTSIDE_BBOX;SUSPICIOUS_LARGE_POSE,,476.1659000068903
val_d_280_t3p0,d_280,val,drowsy,3.0,90,29.95,True,1,362.51889998675324,False,False,0,,0.0,HOG,241,638,465,862,True,True,True,3.315100009785965,0.4054725639408389,0.3963736481724248,0.40092310605663184,True,0.0724801348006637,True,176.26539833938006,36.738274904003845,3.1620620485948376,True,0.5873000191058964,0.11260001338087022,True,True,LANDMARK_OUTSIDE_BBOX;SUSPICIOUS_LARGE_POSE,,474.0682000119705
val_n_1002_t3p0,n_1002,val,not_drowsy,3.0,90,29.92,True,1,357.8006000025198,False,False,0,,0.0,HOG,291,613,514,837,True,True,True,3.219400008674711,0.3090203265672983,0.39485325102635954,0.3519367887968289,True,0.05629157007012675,True,166.6945278949023,-30.227456632111178,-7.5333234378844045,True,0.6130000110715628,0.11130000348202884,True,True,LANDMARK_OUTSIDE_BBOX;SUSPICIOUS_LARGE_POSE,,463.4535999794025
train_d_936_t5p0,d_936,train,drowsy,5.0,150,29.92,True,1,366.53679999290034,False,False,0,,0.0,HOG,230,617,499,886,True,True,True,3.341600007843226,0.35280183158613915,0.3576410510336991,0.3552214413099191,True,0.0650039958873784,True,164.05255060664132,-6.418105047565447,-16.215589131820185,True,0.6142000202089548,0.10979999206028879,True,True,SUSPICIOUS_LARGE_POSE,,535.7277000148315
train_n_474_t5p0,n_474,train,not_drowsy,5.0,125,25.0,True,1,363.88450002414174,False,False,0,,0.0,HOG,241,440,465,664,True,True,True,3.384300012839958,0.33338019442475497,0.38617282062354175,0.35977650752414836,True,0.043613641839657144,True,-173.048106480876,-34.63820641369355,-10.400529001264127,True,0.6070999952498823,0.11170000652782619,True,True,LANDMARK_OUTSIDE_BBOX;SUSPICIOUS_LARGE_POSE,,521.7479999992065
val_d_280_t5p0,d_280,val,drowsy,5.0,150,29.95,True,1,358.8074999861419,False,False,0,,0.0,HOG,291,613,514,837,True,True,True,3.2294000266119838,0.18842550466500885,0.2220699630592816,0.20524773386214523,True,0.11010624841371061,True,168.74547912266223,-20.634224496151415,3.4827622983182605,True,0.7252999930642545,0.11509997420944273,True,True,LANDMARK_OUTSIDE_BBOX;SUSPICIOUS_LARGE_POSE,,519.0485000202898
val_n_1002_t5p0,n_1002,val,not_drowsy,5.0,150,29.92,True,1,359.56280000391416,False,False,0,,0.0,HOG,290,587,558,856,True,True,True,4.414900002302602,0.37838282584026905,0.4661510789354249,0.42226695238784695,True,0.07014778066761672,True,164.91037182913848,-33.9525174075879,-3.678031986646694,True,0.679299992043525,0.1446999958716333,True,True,LANDMARK_OUTSIDE_BBOX;SUSPICIOUS_LARGE_POSE,,511.76859997212887
train_d_936_t7p0,d_936,train,drowsy,7.0,209,29.92,True,1,360.37629999918863,False,False,0,,0.0,HOG,260,617,528,886,True,True,True,3.4814999962691218,0.3516435062166522,0.39903685195250876,0.3753401790845805,True,0.05439270017771981,True,163.61769776952397,-25.473175503949737,-10.344548922086732,True,0.5751000135205686,0.11300001642666757,True,True,LANDMARK_OUTSIDE_BBOX;SUSPICIOUS_LARGE_POSE,,560.6149999948684
train_n_474_t7p0,n_474,train,not_drowsy,7.0,175,25.0,True,1,357.0958000200335,False,False,0,,0.0,HOG,241,440,465,664,True,True,True,3.2485999981872737,0.3256441016106851,0.38617282062354175,0.3559084611171134,True,0.06820925921583844,True,-172.0729464463268,-34.10630206363518,-10.753879990708068,True,0.5609999934677035,0.11830002767965198,True,True,LANDMARK_OUTSIDE_BBOX;SUSPICIOUS_LARGE_POSE,,565.6007000070531
val_d_280_t7p0,d_280,val,drowsy,7.0,210,29.95,True,1,362.7709999855142,False,False,0,,0.0,HOG,324,614,511,801,True,True,True,3.422100009629503,0.26659777731716483,0.2972454154011098,0.2819215963591373,True,0.05136619581702623,True,161.0023654135973,-21.865413610565582,5.607699431652493,True,0.7030999986454844,0.11220001033507288,True,True,LANDMARK_OUTSIDE_BBOX;SUSPICIOUS_LARGE_POSE,,589.340100006666
val_n_1002_t7p0,n_1002,val,not_drowsy,7.0,209,29.92,True,1,360.28890000307,False,False,0,,0.0,HOG,290,587,558,856,True,True,True,3.497199999401346,0.35668224265054493,0.437009143348946,0.3968456929997455,True,0.07417022646512232,True,162.00325202709485,-34.01910493927769,-1.7350154364220516,True,0.5597999843303114,0.11169997742399573,True,True,LANDMARK_OUTSIDE_BBOX;SUSPICIOUS_LARGE_POSE,,549.2983000003733
train_d_936_t9p0,d_936,train,drowsy,9.0,269,29.92,True,1,367.8113999776542,False,False,0,,0.0,HOG,290,587,558,856,True,True,True,3.5435000027064234,0.31526054020711447,0.4335207730130568,0.37439065661008564,True,0.08189270745694623,True,161.45488097046538,-36.45469630744968,-2.0039888882524077,True,0.5139999848324805,0.11569997877813876,True,True,LANDMARK_OUTSIDE_BBOX;SUSPICIOUS_LARGE_POSE,,417.9617000045255
train_n_474_t9p0,n_474,train,not_drowsy,9.0,225,25.0,True,1,355.28870002599433,False,False,0,,0.0,HOG,230,409,499,677,True,True,True,3.2764000061433762,0.3333333333333333,0.3742362169932965,0.3537847751633149,True,0.05046115049575415,True,-173.0420972224008,-34.25044514387759,-6.925836408594181,True,0.5865000130143017,0.11039999662898481,True,True,LANDMARK_OUTSIDE_BBOX;SUSPICIOUS_LARGE_POSE,,618.5168999945745
val_d_280_t9p0,d_280,val,drowsy,9.0,270,29.95,True,1,356.73689999384806,False,False,0,,0.0,HOG,315,588,539,812,True,True,True,3.211899980669841,0.2811127713994909,0.3392857142857143,0.3101992428426026,True,0.04386277371709191,True,162.64492609399966,-22.846145002049237,7.059316753226244,True,0.6874999962747097,0.11389999417588115,True,True,LANDMARK_OUTSIDE_BBOX;SUSPICIOUS_LARGE_POSE,,411.0859999782406
val_n_1002_t9p0,n_1002,val,not_drowsy,9.0,269,29.92,True,1,371.43319999449886,False,False,0,,0.0,HOG,260,587,528,856,True,True,True,3.18100000731647,0.31418778310604717,0.3843407893050794,0.34926428620556327,True,0.07837600856269003,True,161.02429775663288,-31.644609218649475,-5.982144965053839,True,0.5806999979540706,0.11069999891333282,True,True,LANDMARK_OUTSIDE_BBOX;SUSPICIOUS_LARGE_POSE,,421.6848000069149
train_d_488_t3p0,d_488,train,drowsy,3.0,75,25.0,True,1,367.1346000046469,False,False,0,,0.0,HOG,291,365,514,589,True,True,True,3.2367999956477433,0.27380952380952384,0.33759076490928686,0.30570014435940535,True,0.15141653301961414,True,-170.54338213919485,-30.657991747298396,-10.129852055720633,True,0.5451000179164112,0.1097000204026699,True,True,LANDMARK_OUTSIDE_BBOX;SUSPICIOUS_LARGE_POSE,,511.5527000161819
train_n_278_t3p0,n_278,train,not_drowsy,3.0,90,29.95,True,1,357.75970001122914,False,False,0,,0.0,HOG,216,613,440,837,True,True,True,3.1506000086665154,0.2891073238637295,0.25886349545339626,0.2739854096585629,True,0.026299605099783335,True,166.73937486466912,31.615841548319235,-9.438981786204275,True,0.582900014705956,0.10720000136643648,True,True,LANDMARK_OUTSIDE_BBOX;SUSPICIOUS_LARGE_POSE,,479.0599999832921
val_d_682_t3p0,d_682,val,drowsy,3.0,90,29.97,True,1,355.3072000213433,False,False,0,,0.0,HOG,324,511,511,697,True,True,True,3.407000011065975,0.15714285714285714,0.14055638569974546,0.14884962142130131,True,0.04365295276770846,True,-171.6688468756909,-20.47309416651089,0.0496408830717582,True,0.6264999974519014,0.11230001109652221,True,True,LANDMARK_OUTSIDE_BBOX;SUSPICIOUS_LARGE_POSE,,463.6960999923758
val_n_378_t3p0,n_378,val,not_drowsy,3.0,90,30.0,True,1,357.8951999952551,False,False,0,,0.0,HOG,205,348,527,670,True,True,True,3.1495000002905726,0.33359068508776996,0.37428091976021394,0.3539358024239919,True,0.029393463056351838,True,-173.36191013392835,-18.79383422975337,-4.46264304599743,True,0.6812000065110624,0.1044000091496855,True,True,SUSPICIOUS_LARGE_POSE,,463.8282999803778
train_d_488_t5p0,d_488,train,drowsy,5.0,125,25.0,True,1,357.5446000031661,False,False,0,,0.0,HOG,266,365,490,589,True,True,True,3.128600015770644,0.28638012267026053,0.3359013298036044,0.31114072623693245,True,0.09898602175343406,True,-170.22716540775613,-30.13036794893212,-12.177985294900346,True,0.5468000017572194,0.1078000059351325,True,True,LANDMARK_OUTSIDE_BBOX;SUSPICIOUS_LARGE_POSE,,533.9222000038717
train_n_278_t5p0,n_278,train,not_drowsy,5.0,150,29.95,True,1,380.0178000237793,False,False,0,,0.0,HOG,216,613,440,837,True,True,True,3.3404999994672835,0.44776673559449515,0.3898125115022387,0.4187896235483669,True,0.09307574034657366,True,173.8425725409577,43.120536114601684,-3.334330737123781,True,0.5085000011604279,0.11520000407472253,True,True,LANDMARK_OUTSIDE_BBOX;SUSPICIOUS_LARGE_POSE,,568.2462999830022
val_d_682_t5p0,d_682,val,drowsy,5.0,150,29.97,True,1,357.8503000026103,False,False,0,,0.0,HOG,291,489,514,713,True,True,True,3.168099996400997,0.2055270768301462,0.23281653683320877,0.21917180683167747,True,0.0,True,-179.39775577721207,-29.67836935429875,-0.14497342379953523,True,0.7624000136274844,0.10979999206028879,True,True,LANDMARK_OUTSIDE_BBOX;SUSPICIOUS_MAR_EXTREME;SUSPICIOUS_LARGE_POSE,,500.02999999560416
val_n_378_t5p0,n_378,val,not_drowsy,5.0,150,30.0,True,1,359.27230000379495,False,False,0,,0.0,HOG,205,348,527,670,True,True,True,3.177900012815371,0.2966101694915254,0.3211663829892909,0.30888827624040816,True,0.0802005886417459,True,-169.02862781736525,-18.98878264362294,-6.622410676429547,True,0.6578000029549003,0.10649999603629112,True,True,LANDMARK_OUTSIDE_BBOX;SUSPICIOUS_LARGE_POSE,,499.83329998212866
train_d_488_t7p0,d_488,train,drowsy,7.0,175,25.0,True,1,367.4083999940194,False,False,0,,0.0,HOG,260,350,528,618,True,True,True,3.336399997351691,0.37704542330009244,0.41319580435127123,0.39512061382568187,True,0.0776994079237072,True,-169.91644940014228,-31.644651015540934,-13.274287464892957,True,0.5824999825563282,0.10810000821948051,True,True,LANDMARK_OUTSIDE_BBOX;SUSPICIOUS_LARGE_POSE,,595.7884999806993
train_n_278_t7p0,n_278,train,not_drowsy,7.0,210,29.95,True,1,358.2470999972429,False,False,0,,0.0,HOG,216,638,440,862,True,True,True,3.097300010267645,0.2606233456578416,0.28664328126081573,0.2736333134593287,True,0.08278116706466515,True,172.80685339003196,37.86445611289025,-4.143192997842282,True,0.48639997839927673,0.10629999451339245,True,True,LANDMARK_OUTSIDE_BBOX;SUSPICIOUS_LARGE_POSE,,573.6822999897413
val_d_682_t7p0,d_682,val,drowsy,7.0,210,29.97,True,1,407.98450002330355,False,False,0,,0.0,HOG,291,489,514,713,True,True,True,3.5282000026199967,0.21419830424157743,0.2345325149100973,0.22436540957583737,True,0.03783971743220832,True,178.6590688931651,-30.472213772978826,1.063777030776033,True,0.8553999941796064,0.1747000205796212,True,True,LANDMARK_OUTSIDE_BBOX;SUSPICIOUS_LARGE_POSE,,662.2370000113733
val_n_378_t7p0,n_378,val,not_drowsy,7.0,210,30.0,True,1,377.30819999706,False,False,0,,0.0,HOG,205,348,527,670,True,True,True,3.275099996244535,0.33604714692368676,0.349454955082898,0.3427510510032924,True,0.01785587760452093,True,-169.96870309425617,-19.257239291457655,-3.0433971827560677,True,0.690099986968562,0.11220001033507288,True,True,SUSPICIOUS_MAR_EXTREME;SUSPICIOUS_LARGE_POSE,,593.2353000098374
train_d_488_t9p0,d_488,train,drowsy,9.0,225,25.0,True,1,395.4313000140246,False,False,0,,0.0,HOG,266,365,490,589,True,True,True,3.184700006386265,0.3720538207204836,0.42734948595859923,0.39970165333954144,True,0.16305100821190002,True,-169.57084799550896,-29.982565988083433,-12.680171914865968,True,0.5682999908458441,0.1109000004362315,True,True,LANDMARK_OUTSIDE_BBOX;SUSPICIOUS_LARGE_POSE,,676.8587999977171
train_n_278_t9p0,n_278,train,not_drowsy,9.0,270,29.95,True,1,378.29920000513084,False,False,0,,0.0,HOG,266,663,490,886,True,True,True,3.6302999942563474,0.26638449408694254,0.2711013266595983,0.2687429103732704,True,0.06424781124536655,True,170.06920685360458,-7.410432807734253,-5.503431595948849,True,0.8894000202417374,0.11240001185797155,True,True,SUSPICIOUS_LARGE_POSE,,435.31099997926503
val_d_682_t9p0,d_682,val,drowsy,9.0,270,29.97,True,1,368.798199982848,False,False,0,,0.0,HOG,291,464,514,688,True,True,True,3.1833999964874238,0.2586729888969177,0.2762792322870635,0.2674761105919906,True,0.0234375,True,-179.93359403864108,-30.715076125437246,-0.18231218555065434,True,0.7141999958548695,0.11150000500492752,True,True,LANDMARK_OUTSIDE_BBOX;SUSPICIOUS_LARGE_POSE,,423.9684999920428
val_n_378_t9p0,n_378,val,not_drowsy,9.0,270,30.0,True,1,439.65210000169463,False,False,0,,0.0,HOG,205,277,527,599,True,True,True,3.1389000068884343,0.3776009788348586,0.3772913389522725,0.3774461588935656,True,0.11301726581436386,True,175.27426493597724,-4.058049018046486,-0.7285206429959075,True,0.8968999900389463,0.11309998808428645,True,True,LANDMARK_OUTSIDE_BBOX;SUSPICIOUS_LARGE_POSE,,487.20780000439845
train_d_488_t1p0,d_488,train,drowsy,1.0,25,25.0,True,1,419.44060000241734,False,False,0,,0.0,HOG,260,350,528,618,True,True,True,3.2007000118028373,0.2972821838465588,0.3189688440124982,0.30812551392952847,True,0.054800137447897766,True,-170.7710323934542,-30.319274889426875,-11.177901982479394,True,0.5541999998968095,0.12400001287460327,True,True,LANDMARK_OUTSIDE_BBOX;SUSPICIOUS_LARGE_POSE,,505.9721999859903
train_n_278_t1p0,n_278,train,not_drowsy,1.0,30,29.95,True,1,358.09929997776635,False,False,0,,0.0,HOG,266,638,490,862,True,True,True,3.146800008835271,0.34289198373298724,0.3398182899364716,0.3413551368347294,True,0.0945989229245413,True,167.74528202109147,-8.013620765256903,-2.147381813872111,True,0.9253000025637448,0.11380002251826227,True,True,SUSPICIOUS_LARGE_POSE,,418.0323999898974
val_d_682_t1p0,d_682,val,drowsy,1.0,30,29.97,True,1,355.45360000105575,False,False,0,,0.0,HOG,315,489,539,713,True,True,True,3.1684999994467944,0.2520820859460565,0.2511009804759127,0.2515915332109846,True,0.07911263137295782,True,179.724558595971,-30.849424849460416,2.1348758627153885,True,0.6812000065110624,0.10939998901449144,True,True,LANDMARK_OUTSIDE_BBOX;SUSPICIOUS_LARGE_POSE,,409.4008000101894
val_n_378_t1p0,n_378,val,not_drowsy,1.0,30,30.0,True,1,362.24240000592545,False,False,0,,0.0,HOG,241,348,563,670,True,True,True,3.3377000072505325,0.23062702903230203,0.25605956685763626,0.24334329794496914,True,0.03545736346821809,True,-168.2776983028355,-24.579005564859436,-2.218014938825882,True,0.6560999900102615,0.1078000059351325,True,True,LANDMARK_OUTSIDE_BBOX;SUSPICIOUS_LARGE_POSE,,420.1955999888014
train_d_75_t5p0,d_75,train,drowsy,5.0,150,29.97,True,1,362.7066000190098,False,False,0,,0.0,HOG,205,277,527,599,True,True,True,3.183699998771772,0.43649788249492943,0.6704665682927058,0.5534822253938176,True,0.07640224660605721,True,139.16819045984008,-48.44318593067011,-147.13943333352177,True,0.48000001697801054,0.11270001414231956,True,True,LANDMARK_OUTSIDE_BBOX;SUSPICIOUS_LARGE_POSE,,531.5356999926735
train_n_889_t5p0,n_889,train,not_drowsy,5.0,150,30.0,True,1,356.2317999894731,False,False,0,,0.0,HOG,200,379,469,648,True,True,True,3.249300003517419,0.3561673951907237,0.3182585361650514,0.33721296567788756,True,0.013652592788242301,True,-170.47617139755067,32.27874805970286,9.143249015502532,True,0.6607999966945499,0.11989998165518045,True,True,LANDMARK_OUTSIDE_BBOX;SUSPICIOUS_MAR_EXTREME;SUSPICIOUS_LARGE_POSE,,545.4051999840885
val_d_430_t5p0,d_430,val,drowsy,5.0,150,30.0,True,1,360.38500000722706,False,False,0,,0.0,HOG,98,384,420,706,True,True,True,3.2162999850697815,0.453533238375416,0.3376660176704848,0.3955996280229504,True,0.04040265062329025,True,-167.02645632220222,28.676143064939804,19.660560318634584,True,0.5086000019218773,0.11409999569877982,True,True,LANDMARK_OUTSIDE_BBOX;SUSPICIOUS_LARGE_POSE,,536.9917000061832
val_n_196_t5p0,n_196,val,not_drowsy,5.0,125,25.0,True,1,365.464400005294,False,False,0,,0.0,HOG,218,666,374,822,True,True,True,3.2261000014841557,0.3870967741935484,0.3793103448275862,0.3832035595105673,True,0.03280472168056829,True,161.48549029782302,-25.06356470170449,5.412676724988353,True,0.7130000158213079,0.1379000023007393,True,True,LANDMARK_OUTSIDE_BBOX;SUSPICIOUS_LARGE_POSE,,482.85040000337176
train_d_75_t7p0,d_75,train,drowsy,7.0,210,29.97,True,1,363.30170001019724,False,False,0,,0.0,HOG,134,277,456,599,True,True,True,3.249300003517419,0.3575312793312725,0.49709657020307707,0.4273139247671748,True,0.03717290486758477,True,-170.55008923084765,-45.22743981324713,-9.893951115819592,True,0.6064000190235674,0.11110000195913017,True,True,LANDMARK_OUTSIDE_BBOX;SUSPICIOUS_LARGE_POSE,,579.666300007375
train_n_889_t7p0,n_889,train,not_drowsy,7.0,210,30.0,True,1,355.3929999761749,False,False,0,,0.0,HOG,200,320,469,588,True,True,True,3.208600013749674,0.2207608662591485,0.20476677645449048,0.21276382135681948,True,0.19029336157896443,True,-169.52504840267724,38.01625148373409,15.093960320191092,True,0.6524999917019159,0.11149997590109706,True,True,LANDMARK_OUTSIDE_BBOX;SUSPICIOUS_LARGE_POSE,,592.7484999992885
val_d_430_t7p0,d_430,val,drowsy,7.0,210,30.0,True,1,356.72310000518337,False,False,0,,0.0,HOG,200,409,469,677,True,True,True,3.1749000190757215,0.349464370338827,0.3044764068904866,0.32697038861465677,True,0.06254442295354418,True,-174.58932434772947,28.64392047771707,6.036811244766177,True,0.5481000116560608,0.11240001185797155,True,True,LANDMARK_OUTSIDE_BBOX;SUSPICIOUS_LARGE_POSE,,576.5425999998115
val_n_196_t7p0,n_196,val,not_drowsy,7.0,175,25.0,True,1,359.1452999971807,False,False,0,,0.0,HOG,201,655,387,842,True,True,True,3.127499978290871,0.4,0.39726887204814304,0.39863443602407156,True,0.03675068954258106,True,160.26361128298603,-26.848262562125782,5.123903315405425,True,0.6942999898456037,0.10629999451339245,True,True,LANDMARK_OUTSIDE_BBOX;SUSPICIOUS_LARGE_POSE,,502.7271999861114
train_d_75_t9p0,d_75,train,drowsy,9.0,270,29.97,True,1,357.46670002117753,False,False,0,,0.0,HOG,134,277,456,599,True,True,True,3.4072000125888735,0.37727535513393434,0.49573151056300985,0.4365034328484721,True,0.0,True,-171.41567093606636,-44.36000602445285,-5.818290086283239,True,0.6464000034611672,0.11110000195913017,True,True,LANDMARK_OUTSIDE_BBOX;SUSPICIOUS_MAR_EXTREME;SUSPICIOUS_LARGE_POSE,,415.6397000188008
train_n_889_t9p0,n_889,train,not_drowsy,9.0,270,30.0,False,0,359.2769000097178,True,True,1,0.941697359085083,37.559600023087114,YUNET_FALLBACK,252,304,487,633,True,True,True,3.17360000917688,0.3330088094474602,0.3083092476141751,0.3206590285308176,True,0.06866141933156814,True,-166.89401662316308,40.98851565889286,18.60612687810041,True,0.6392000068444759,0.10820000898092985,True,True,LANDMARK_OUTSIDE_BBOX;SUSPICIOUS_LARGE_POSE,,461.6597999993246
val_d_430_t9p0,d_430,val,drowsy,9.0,270,30.0,True,1,357.15870000422,False,False,0,,0.0,HOG,171,409,439,677,True,True,True,3.209299989975989,0.3825287694169497,0.330418910804228,0.35647384011058886,True,0.08659361161155472,True,-174.82873110710256,36.101110043576554,1.728723395575066,True,0.6163000070955604,0.10870001278817654,True,True,LANDMARK_OUTSIDE_BBOX;SUSPICIOUS_LARGE_POSE,,421.3164999964647
val_n_196_t9p0,n_196,val,not_drowsy,9.0,225,25.0,True,1,354.7660000040196,False,False,0,,0.0,HOG,180,655,367,842,True,True,True,3.1842000025790185,0.35410252898880773,0.41047849709524126,0.3822905130420245,True,0.043635908311847896,True,163.85955857423386,-21.69757483056184,0.42969183898696284,True,0.7311999797821045,0.11339999036863446,True,True,LANDMARK_OUTSIDE_BBOX;SUSPICIOUS_LARGE_POSE,,532.2467999940272
train_d_75_t1p0,d_75,train,drowsy,1.0,30,29.97,True,1,380.31690000207163,False,False,0,,0.0,HOG,76,247,462,633,True,True,True,3.35879999329336,0.4091618142465976,0.4901806513712709,0.4496712328089343,True,0.060158878841454114,True,-170.3787843147931,-39.63449909550245,-18.002118134849656,True,0.665100000333041,0.11170000652782619,True,True,LANDMARK_OUTSIDE_BBOX;SUSPICIOUS_LARGE_POSE,,446.8440000200644
train_n_889_t1p0,n_889,train,not_drowsy,1.0,30,30.0,True,1,359.0302999946289,False,False,0,,0.0,HOG,200,379,469,648,True,True,True,3.153900004690513,0.41637338985627326,0.37481849300444114,0.3955959414303572,True,0.03756506884416279,True,-170.9782646324651,35.88940528269682,14.058632662500292,True,0.5904999852646142,0.1109000004362315,True,True,LANDMARK_OUTSIDE_BBOX;SUSPICIOUS_LARGE_POSE,,433.19540002266876
val_d_430_t1p0,d_430,val,drowsy,1.0,30,30.0,True,2,357.3407999938354,False,False,0,,0.0,HOG,230,409,499,677,True,True,True,3.2380000047851354,0.3652486091988034,0.3407853524510546,0.35301698082492905,True,0.06682081601152969,True,-177.11368682900047,21.55533533240242,13.450439424804777,True,0.6833999941591173,0.11029999586753547,True,True,LANDMARK_OUTSIDE_BBOX;SUSPICIOUS_LARGE_POSE,,427.1281000110321
val_n_196_t1p0,n_196,val,not_drowsy,1.0,25,25.0,True,1,356.86649999115616,False,False,0,,0.0,HOG,221,655,408,842,True,True,True,3.400699992198497,0.3877676544966499,0.41045260089274355,0.3991101276946967,True,0.06571619315074853,True,161.1370854049439,-31.18844159690798,6.587973702628854,True,0.5780000064987689,0.10770000517368317,True,True,LANDMARK_OUTSIDE_BBOX;SUSPICIOUS_LARGE_POSE,,404.2448000109289
train_d_75_t3p0,d_75,train,drowsy,3.0,90,29.97,True,1,366.42309997114353,False,False,0,,0.0,HOG,241,313,563,635,True,True,True,3.1380000000353903,0.2894129369676132,0.43436676822183523,0.3618898525947242,True,0.10181283641337463,True,-174.48916772875504,-46.42391148461689,2.8848586076803393,True,0.5182999884709716,0.10579999070614576,True,True,LANDMARK_OUTSIDE_BBOX;SUSPICIOUS_LARGE_POSE,,505.7245000207331
train_n_889_t3p0,n_889,train,not_drowsy,3.0,90,30.0,True,1,474.4788000243716,False,False,0,,0.0,HOG,200,379,469,648,True,True,True,3.469100018264726,0.3701352015777479,0.3295640064670237,0.3498496040223858,True,0.03296027467093167,True,-169.5411726827029,32.74274121476037,10.338990401636185,True,0.6893999816384166,0.11309998808428645,True,True,LANDMARK_OUTSIDE_BBOX;SUSPICIOUS_LARGE_POSE,,610.035500023514
val_d_430_t3p0,d_430,val,drowsy,3.0,90,30.0,True,1,427.85219999495894,False,False,0,,0.0,HOG,200,379,469,648,True,True,True,3.1450999958906323,0.26550662379445794,0.2270790609944201,0.24629284239443902,True,0.099753146426468,True,175.39902616632622,22.859801171479607,7.795293439372146,True,0.7286999898497015,0.11419999646022916,True,True,LANDMARK_OUTSIDE_BBOX;SUSPICIOUS_LARGE_POSE,,577.3768999788444
val_n_196_t3p0,n_196,val,not_drowsy,3.0,75,25.0,True,1,366.8857000011485,False,False,0,,0.0,HOG,201,666,357,822,True,True,True,3.188700007740408,0.38823659117560094,0.41047849709524126,0.3993575441354211,True,0.03735450863618114,True,162.60159361482434,-28.835978696441426,2.03136238785462,True,0.6725999992340803,0.11709998943842947,True,True,LANDMARK_OUTSIDE_BBOX;SUSPICIOUS_LARGE_POSE,,444.2070000222884
