seed,parameter_name,shape,adamw_initial_hash,sgd_initial_hash,exact_match,seed_initialization_hash
42,classifier.0.bias,"(32,)",9beb06717d305f3590b5cc727b2712f0ecb7aceb5c4473fd8e40e329a9a32d29,9beb06717d305f3590b5cc727b2712f0ecb7aceb5c4473fd8e40e329a9a32d29,True,
42,classifier.0.weight,"(32, 64)",ea07f1697acdc9194f50d10130fc7fffe890f1167c6f35794f3fc2b35a9bf626,ea07f1697acdc9194f50d10130fc7fffe890f1167c6f35794f3fc2b35a9bf626,True,
42,classifier.3.bias,"(2,)",acae7dcfcb571a83d711f4869a98d2dbd4b18c36abe9c0e009871c9d57f9089a,acae7dcfcb571a83d711f4869a98d2dbd4b18c36abe9c0e009871c9d57f9089a,True,
42,classifier.3.weight,"(2, 32)",2c46e749637dc0d2206b6d0182490b670bb880fb316b88d5b9972efa686eb679,2c46e749637dc0d2206b6d0182490b670bb880fb316b88d5b9972efa686eb679,True,
42,encoder.layers.0.bias,"(16,)",8bdfc2e16acce532b7ca86cf22a7c5368ca482b3f0806616482e4973be19338f,8bdfc2e16acce532b7ca86cf22a7c5368ca482b3f0806616482e4973be19338f,True,
42,encoder.layers.0.weight,"(16, 1, 3, 3)",e45c3288321e42f109f9495254e401efb6456995ce68383fa6248eb7816272e4,e45c3288321e42f109f9495254e401efb6456995ce68383fa6248eb7816272e4,True,
42,encoder.layers.1.bias,"(16,)",f6652bdfd7b1a0ec73c9ffab85cd683f77a2ec1ede19d5f5a7f06865a4b5fbf1,f6652bdfd7b1a0ec73c9ffab85cd683f77a2ec1ede19d5f5a7f06865a4b5fbf1,True,
42,encoder.layers.1.weight,"(16,)",161af222b963c10c540ed951b7e49e563c410aaede1f965ecbcddd3b6773f751,161af222b963c10c540ed951b7e49e563c410aaede1f965ecbcddd3b6773f751,True,
42,encoder.layers.4.bias,"(32,)",c77614259b4c0907060ccb998fb574fe07352622ad840d804e1bdc41dd5bc77b,c77614259b4c0907060ccb998fb574fe07352622ad840d804e1bdc41dd5bc77b,True,
42,encoder.layers.4.weight,"(32, 16, 3, 3)",30e97b08ef12d84deaa814cfbcbc07072dfd8c06cc1261e04979813ddfb1bde1,30e97b08ef12d84deaa814cfbcbc07072dfd8c06cc1261e04979813ddfb1bde1,True,
42,encoder.layers.5.bias,"(32,)",cca73dcb3d61bb20e96e96017a1ca6e6f0e5c3320e080eff6b43b768fc039e6d,cca73dcb3d61bb20e96e96017a1ca6e6f0e5c3320e080eff6b43b768fc039e6d,True,
42,encoder.layers.5.weight,"(32,)",3d95cf105e53956d58061f6228f7fd4fecafdb9c07eedee6e43b4b57f1f591fe,3d95cf105e53956d58061f6228f7fd4fecafdb9c07eedee6e43b4b57f1f591fe,True,
42,encoder.layers.8.bias,"(64,)",27b8bcfc5d29789d280a299314ee93d7d77d54ff8fd2e544d4c8970ab5ec39aa,27b8bcfc5d29789d280a299314ee93d7d77d54ff8fd2e544d4c8970ab5ec39aa,True,
42,encoder.layers.8.weight,"(64, 32, 3, 3)",062b6a04052727ad2a8bf26563c752c6186b7cdb37b4ff108317a19e8d1a8eef,062b6a04052727ad2a8bf26563c752c6186b7cdb37b4ff108317a19e8d1a8eef,True,
42,encoder.layers.9.bias,"(64,)",780b4a90d7fa90d620f1355243a10704927de7f0e4b6237cd40a6b3c5015b462,780b4a90d7fa90d620f1355243a10704927de7f0e4b6237cd40a6b3c5015b462,True,
42,encoder.layers.9.weight,"(64,)",28218c86aaf057b554f13b26082640f8599184e0ef8c7dfff36d169cd8a3a348,28218c86aaf057b554f13b26082640f8599184e0ef8c7dfff36d169cd8a3a348,True,
42,lstm.bias_hh_l0,"(256,)",0f0bc94408c148e59ad1dc617b2881b6014223ea9fbc1fc9acdb316b33c93d55,0f0bc94408c148e59ad1dc617b2881b6014223ea9fbc1fc9acdb316b33c93d55,True,
42,lstm.bias_ih_l0,"(256,)",305dd14b330b67989ae1df83ec49e63831b7b08d71db9653542f8b3800707e88,305dd14b330b67989ae1df83ec49e63831b7b08d71db9653542f8b3800707e88,True,
42,lstm.weight_hh_l0,"(256, 64)",584441b11b1a887299ac1db130a0d2f9116720df317d68665bb12970106d366e,584441b11b1a887299ac1db130a0d2f9116720df317d68665bb12970106d366e,True,
42,lstm.weight_ih_l0,"(256, 64)",0ba9416597d85c2cc17584c7e594620a36d93500860563c9dcb3345a45f91aba,0ba9416597d85c2cc17584c7e594620a36d93500860563c9dcb3345a45f91aba,True,
42,__PAIR_SUMMARY__,,,,True,7dcb0608294d8b5362f12eb4459cb4f0eacaa31305a09d0983ba697e23c2925c
43,classifier.0.bias,"(32,)",ba58e21c9b03241374d31a93b162b9cbf068b645250c69fb816da835aaac9cd3,ba58e21c9b03241374d31a93b162b9cbf068b645250c69fb816da835aaac9cd3,True,
43,classifier.0.weight,"(32, 64)",ce3b54d356003ca50cc4ddbffaed016422ffa1424b38570df0dc52ca54fe767e,ce3b54d356003ca50cc4ddbffaed016422ffa1424b38570df0dc52ca54fe767e,True,
43,classifier.3.bias,"(2,)",9f1432f803791629b1fe8ebe91479e25b90674da3f9b9f47334a0bf64da1edcd,9f1432f803791629b1fe8ebe91479e25b90674da3f9b9f47334a0bf64da1edcd,True,
43,classifier.3.weight,"(2, 32)",996b95b638276182cd24e964e047b47d9577e9c814a7e0beefb6657712d3baed,996b95b638276182cd24e964e047b47d9577e9c814a7e0beefb6657712d3baed,True,
43,encoder.layers.0.bias,"(16,)",ad4ffa34bbb7f4db7273e90e2ac8040ac91a85822667385a580f12802f161859,ad4ffa34bbb7f4db7273e90e2ac8040ac91a85822667385a580f12802f161859,True,
43,encoder.layers.0.weight,"(16, 1, 3, 3)",9553a2f3be0ebcfa18459b92bb775526119b1526eaaae8d17a5aab31933472cb,9553a2f3be0ebcfa18459b92bb775526119b1526eaaae8d17a5aab31933472cb,True,
43,encoder.layers.1.bias,"(16,)",f6652bdfd7b1a0ec73c9ffab85cd683f77a2ec1ede19d5f5a7f06865a4b5fbf1,f6652bdfd7b1a0ec73c9ffab85cd683f77a2ec1ede19d5f5a7f06865a4b5fbf1,True,
43,encoder.layers.1.weight,"(16,)",161af222b963c10c540ed951b7e49e563c410aaede1f965ecbcddd3b6773f751,161af222b963c10c540ed951b7e49e563c410aaede1f965ecbcddd3b6773f751,True,
43,encoder.layers.4.bias,"(32,)",d07c28c77abaa617ebe4a54b5786e9362892123ab2ff2f257c01342d4c92373a,d07c28c77abaa617ebe4a54b5786e9362892123ab2ff2f257c01342d4c92373a,True,
43,encoder.layers.4.weight,"(32, 16, 3, 3)",5947d4fa6a7d0719d741ce7737c52b1eeced7fe5441b859af697b319fbcd89d0,5947d4fa6a7d0719d741ce7737c52b1eeced7fe5441b859af697b319fbcd89d0,True,
43,encoder.layers.5.bias,"(32,)",cca73dcb3d61bb20e96e96017a1ca6e6f0e5c3320e080eff6b43b768fc039e6d,cca73dcb3d61bb20e96e96017a1ca6e6f0e5c3320e080eff6b43b768fc039e6d,True,
43,encoder.layers.5.weight,"(32,)",3d95cf105e53956d58061f6228f7fd4fecafdb9c07eedee6e43b4b57f1f591fe,3d95cf105e53956d58061f6228f7fd4fecafdb9c07eedee6e43b4b57f1f591fe,True,
43,encoder.layers.8.bias,"(64,)",9f747d307f53e7ffa311b06331f5fcfee25623bb0c370f5da3f8ed0b1abdc4c1,9f747d307f53e7ffa311b06331f5fcfee25623bb0c370f5da3f8ed0b1abdc4c1,True,
43,encoder.layers.8.weight,"(64, 32, 3, 3)",cdfbd230ef98f29f0bdad7e4170bf7b665d389e02dbab59c77383432aa505e99,cdfbd230ef98f29f0bdad7e4170bf7b665d389e02dbab59c77383432aa505e99,True,
43,encoder.layers.9.bias,"(64,)",780b4a90d7fa90d620f1355243a10704927de7f0e4b6237cd40a6b3c5015b462,780b4a90d7fa90d620f1355243a10704927de7f0e4b6237cd40a6b3c5015b462,True,
43,encoder.layers.9.weight,"(64,)",28218c86aaf057b554f13b26082640f8599184e0ef8c7dfff36d169cd8a3a348,28218c86aaf057b554f13b26082640f8599184e0ef8c7dfff36d169cd8a3a348,True,
43,lstm.bias_hh_l0,"(256,)",bf5f10e39ad64a695d53ed217b139a13fdb4403f2e2da8687003c2db1f58a894,bf5f10e39ad64a695d53ed217b139a13fdb4403f2e2da8687003c2db1f58a894,True,
43,lstm.bias_ih_l0,"(256,)",65c99832998f974e6742439d969cca25f3d2248aec7ac7c99dcb21f3f9f60ace,65c99832998f974e6742439d969cca25f3d2248aec7ac7c99dcb21f3f9f60ace,True,
43,lstm.weight_hh_l0,"(256, 64)",5d5877970fca4ac4cf33db28e3c2a21eabc31480310e608f0fc8145cae5b5ab3,5d5877970fca4ac4cf33db28e3c2a21eabc31480310e608f0fc8145cae5b5ab3,True,
43,lstm.weight_ih_l0,"(256, 64)",f8f89da60e479a49d66be13fee889e751c43242a5402f9ce29b6b4eb1c77d56c,f8f89da60e479a49d66be13fee889e751c43242a5402f9ce29b6b4eb1c77d56c,True,
43,__PAIR_SUMMARY__,,,,True,005d43c8630a681de44e1dd58f2fe7211fdcd3e55ac29399877e4438a512ee5c
44,classifier.0.bias,"(32,)",cecdcab62d6b46dd5edfc5aaf19859bce4024eb0e47921a78449e7e852969b7e,cecdcab62d6b46dd5edfc5aaf19859bce4024eb0e47921a78449e7e852969b7e,True,
44,classifier.0.weight,"(32, 64)",e9355474f565e751848f52aaf613c226a5e9e8ac4be6744946949e9dbc5506d6,e9355474f565e751848f52aaf613c226a5e9e8ac4be6744946949e9dbc5506d6,True,
44,classifier.3.bias,"(2,)",a9bb3d51a34a7bfdeab58e4537feb2632fa01734267102d9628755b41417e520,a9bb3d51a34a7bfdeab58e4537feb2632fa01734267102d9628755b41417e520,True,
44,classifier.3.weight,"(2, 32)",31e9e252317b1cca68ff7491144ecf6955c2c9e0b6994a3125013cdfc5cc5cf2,31e9e252317b1cca68ff7491144ecf6955c2c9e0b6994a3125013cdfc5cc5cf2,True,
44,encoder.layers.0.bias,"(16,)",a4ec67f1bb067c8c449bb60719bec28e5111363e6f0b3d268bf3d35e8c16f0ed,a4ec67f1bb067c8c449bb60719bec28e5111363e6f0b3d268bf3d35e8c16f0ed,True,
44,encoder.layers.0.weight,"(16, 1, 3, 3)",b0f527a4f9e89a37c0355171fac67e50e41aa605bbf438998d43c16a02aa0c62,b0f527a4f9e89a37c0355171fac67e50e41aa605bbf438998d43c16a02aa0c62,True,
44,encoder.layers.1.bias,"(16,)",f6652bdfd7b1a0ec73c9ffab85cd683f77a2ec1ede19d5f5a7f06865a4b5fbf1,f6652bdfd7b1a0ec73c9ffab85cd683f77a2ec1ede19d5f5a7f06865a4b5fbf1,True,
44,encoder.layers.1.weight,"(16,)",161af222b963c10c540ed951b7e49e563c410aaede1f965ecbcddd3b6773f751,161af222b963c10c540ed951b7e49e563c410aaede1f965ecbcddd3b6773f751,True,
44,encoder.layers.4.bias,"(32,)",435b2c9c9ff903601bd242015d1edc3abb4e55a73032166ae7843c4e78cd22a9,435b2c9c9ff903601bd242015d1edc3abb4e55a73032166ae7843c4e78cd22a9,True,
44,encoder.layers.4.weight,"(32, 16, 3, 3)",4c8232d14fa6de8a5d716fa35dcdc438b55ff6408c5598733e5fd4621aaede89,4c8232d14fa6de8a5d716fa35dcdc438b55ff6408c5598733e5fd4621aaede89,True,
44,encoder.layers.5.bias,"(32,)",cca73dcb3d61bb20e96e96017a1ca6e6f0e5c3320e080eff6b43b768fc039e6d,cca73dcb3d61bb20e96e96017a1ca6e6f0e5c3320e080eff6b43b768fc039e6d,True,
44,encoder.layers.5.weight,"(32,)",3d95cf105e53956d58061f6228f7fd4fecafdb9c07eedee6e43b4b57f1f591fe,3d95cf105e53956d58061f6228f7fd4fecafdb9c07eedee6e43b4b57f1f591fe,True,
44,encoder.layers.8.bias,"(64,)",f335ef126a02109b84c88dff4d6c1c938aa942e94e174d5126053bd1bfd49154,f335ef126a02109b84c88dff4d6c1c938aa942e94e174d5126053bd1bfd49154,True,
44,encoder.layers.8.weight,"(64, 32, 3, 3)",be6275e22c9e7beaf91e8e2e325c1f0ff41c41a5a70d887fe82d7f9a4df125a7,be6275e22c9e7beaf91e8e2e325c1f0ff41c41a5a70d887fe82d7f9a4df125a7,True,
44,encoder.layers.9.bias,"(64,)",780b4a90d7fa90d620f1355243a10704927de7f0e4b6237cd40a6b3c5015b462,780b4a90d7fa90d620f1355243a10704927de7f0e4b6237cd40a6b3c5015b462,True,
44,encoder.layers.9.weight,"(64,)",28218c86aaf057b554f13b26082640f8599184e0ef8c7dfff36d169cd8a3a348,28218c86aaf057b554f13b26082640f8599184e0ef8c7dfff36d169cd8a3a348,True,
44,lstm.bias_hh_l0,"(256,)",8daa5291cc4c227382ed4f498db7f1878d7df7f63200073e549daf7fef3481ea,8daa5291cc4c227382ed4f498db7f1878d7df7f63200073e549daf7fef3481ea,True,
44,lstm.bias_ih_l0,"(256,)",9a8ca60eee40214cd73f7410b2d429b91605e7aa451b818141d6a8e56917b048,9a8ca60eee40214cd73f7410b2d429b91605e7aa451b818141d6a8e56917b048,True,
44,lstm.weight_hh_l0,"(256, 64)",59272cff091fee1028170abdcc71f50d8a4188b4cb278431d228f1e2ae783a26,59272cff091fee1028170abdcc71f50d8a4188b4cb278431d228f1e2ae783a26,True,
44,lstm.weight_ih_l0,"(256, 64)",a15c7ac13032578f12f2ab5e0327bbdb56e71480c2adf1ba4343e798c6cec2d8,a15c7ac13032578f12f2ab5e0327bbdb56e71480c2adf1ba4343e798c6cec2d8,True,
44,__PAIR_SUMMARY__,,,,True,9b4e955e2eaa0e8065c6ea275c9ccec0aad4d76575df917d4352c2e3024167da
cross_seed,__DISTINCT_SEEDS__,,,,True,"{""42"": ""7dcb0608294d8b5362f12eb4459cb4f0eacaa31305a09d0983ba697e23c2925c"", ""43"": ""005d43c8630a681de44e1dd58f2fe7211fdcd3e55ac29399877e4438a512ee5c"", ""44"": ""9b4e955e2eaa0e8065c6ea275c9ccec0aad4d76575df917d4352c2e3024167da""}"
