sample_id,video_id,split,frame_width,frame_height,candidate,old_roi_clipped,old_clipped_fraction,corrected_roi_clipped,corrected_clipped_fraction,roi_x1,roi_y1,roi_x2,roi_y2,stored_roi_matches_corrected,flag_changed
train_d_438_t1p0,d_438,train,720,1280,raw,False,0.0,False,0.0,323,283,576,609,True,False
train_d_438_t1p0,d_438,train,720,1280,m05,True,0.0,False,0.0,310,266,589,626,True,True
train_d_438_t1p0,d_438,train,720,1280,m10,True,0.0,False,0.0,297,250,602,642,True,True
train_d_438_t1p0,d_438,train,720,1280,m15,True,0.0,False,0.0,285,234,614,658,True,True
train_n_908_t1p0,n_908,train,720,1280,raw,False,0.0,False,0.0,202,246,426,581,True,False
train_n_908_t1p0,n_908,train,720,1280,m05,True,0.0,False,0.0,190,229,438,598,True,True
train_n_908_t1p0,n_908,train,720,1280,m10,True,0.0,False,0.0,179,212,449,615,True,True
train_n_908_t1p0,n_908,train,720,1280,m15,True,0.0,False,0.0,168,195,460,632,True,True
val_d_796_t1p0,d_796,val,720,1280,raw,False,0.0,False,0.0,202,264,499,669,True,False
val_d_796_t1p0,d_796,val,720,1280,m05,True,0.0,False,0.0,187,243,514,690,True,True
val_d_796_t1p0,d_796,val,720,1280,m10,True,0.0,False,0.0,172,223,529,710,True,True
val_d_796_t1p0,d_796,val,720,1280,m15,True,0.0,False,0.0,157,203,544,730,True,True
train_d_438_t3p0,d_438,train,720,1280,raw,False,0.0,False,0.0,328,283,591,617,True,False
train_d_438_t3p0,d_438,train,720,1280,m05,True,0.0,False,0.0,314,266,605,634,True,True
train_d_438_t3p0,d_438,train,720,1280,m10,True,0.0,False,0.0,301,249,618,651,True,True
train_d_438_t3p0,d_438,train,720,1280,m15,True,0.0,False,0.0,288,232,631,668,True,True
train_n_908_t3p0,n_908,train,720,1280,raw,False,0.0,False,0.0,202,255,445,590,True,False
train_n_908_t3p0,n_908,train,720,1280,m05,True,0.0,False,0.0,189,238,458,607,True,True
train_n_908_t3p0,n_908,train,720,1280,m10,True,0.0,False,0.0,177,221,470,624,True,True
train_n_908_t3p0,n_908,train,720,1280,m15,True,0.0,False,0.0,165,204,482,641,True,True
val_d_796_t3p0,d_796,val,720,1280,raw,False,0.0,False,0.0,200,257,494,672,True,False
val_d_796_t3p0,d_796,val,720,1280,m05,True,0.0,False,0.0,185,236,509,693,True,True
val_d_796_t3p0,d_796,val,720,1280,m10,True,0.0,False,0.0,170,215,524,714,True,True
val_d_796_t3p0,d_796,val,720,1280,m15,True,0.0,False,0.0,155,194,539,735,True,True
val_n_835_t3p0,n_835,val,720,1280,raw,False,0.0,False,0.0,258,640,442,883,True,False
val_n_835_t3p0,n_835,val,720,1280,m05,True,0.0,False,0.0,248,627,452,896,True,True
val_n_835_t3p0,n_835,val,720,1280,m10,True,0.0,False,0.0,239,615,461,908,True,True
val_n_835_t3p0,n_835,val,720,1280,m15,True,0.0,False,0.0,230,603,470,920,True,True
train_d_438_t5p0,d_438,train,720,1280,raw,False,0.0,False,0.0,332,274,590,611,True,False
train_d_438_t5p0,d_438,train,720,1280,m05,True,0.0,False,0.0,319,257,603,628,True,True
train_d_438_t5p0,d_438,train,720,1280,m10,True,0.0,False,0.0,306,240,616,645,True,True
train_d_438_t5p0,d_438,train,720,1280,m15,True,0.0,False,0.0,293,223,629,662,True,True
train_n_908_t5p0,n_908,train,720,1280,raw,False,0.0,False,0.0,191,240,425,599,True,False
train_n_908_t5p0,n_908,train,720,1280,m05,True,0.0,False,0.0,179,222,437,617,True,True
train_n_908_t5p0,n_908,train,720,1280,m10,True,0.0,False,0.0,167,204,449,635,True,True
train_n_908_t5p0,n_908,train,720,1280,m15,True,0.0,False,0.0,155,186,461,653,True,True
val_d_796_t5p0,d_796,val,720,1280,raw,False,0.0,False,0.0,230,270,527,679,True,False
val_d_796_t5p0,d_796,val,720,1280,m05,True,0.0,False,0.0,215,249,542,700,True,True
val_d_796_t5p0,d_796,val,720,1280,m10,True,0.0,False,0.0,200,229,557,720,True,True
val_d_796_t5p0,d_796,val,720,1280,m15,True,0.0,False,0.0,185,208,572,741,True,True
val_n_835_t5p0,n_835,val,720,1280,raw,False,0.0,False,0.0,263,644,443,890,True,False
val_n_835_t5p0,n_835,val,720,1280,m05,True,0.0,False,0.0,254,631,452,903,True,True
val_n_835_t5p0,n_835,val,720,1280,m10,True,0.0,False,0.0,245,619,461,915,True,True
val_n_835_t5p0,n_835,val,720,1280,m15,True,0.0,False,0.0,236,607,470,927,True,True
train_d_438_t7p0,d_438,train,720,1280,raw,False,0.0,False,0.0,324,286,574,608,True,False
train_d_438_t7p0,d_438,train,720,1280,m05,True,0.0,False,0.0,311,269,587,625,True,True
train_d_438_t7p0,d_438,train,720,1280,m10,True,0.0,False,0.0,299,253,599,641,True,True
train_d_438_t7p0,d_438,train,720,1280,m15,True,0.0,False,0.0,286,237,612,657,True,True
train_n_908_t7p0,n_908,train,720,1280,raw,False,0.0,False,0.0,195,246,441,604,True,False
train_n_908_t7p0,n_908,train,720,1280,m05,True,0.0,False,0.0,182,228,454,622,True,True
train_n_908_t7p0,n_908,train,720,1280,m10,True,0.0,False,0.0,170,210,466,640,True,True
train_n_908_t7p0,n_908,train,720,1280,m15,True,0.0,False,0.0,158,192,478,658,True,True
val_d_796_t7p0,d_796,val,720,1280,raw,False,0.0,False,0.0,228,273,526,680,True,False
val_d_796_t7p0,d_796,val,720,1280,m05,True,0.0,False,0.0,213,252,541,701,True,True
val_d_796_t7p0,d_796,val,720,1280,m10,True,0.0,False,0.0,198,232,556,721,True,True
val_d_796_t7p0,d_796,val,720,1280,m15,True,0.0,False,0.0,183,211,571,742,True,True
val_n_835_t7p0,n_835,val,720,1280,raw,False,0.0,False,0.0,266,646,450,903,True,False
val_n_835_t7p0,n_835,val,720,1280,m05,True,0.0,False,0.0,256,633,460,916,True,True
val_n_835_t7p0,n_835,val,720,1280,m10,True,0.0,False,0.0,247,620,469,929,True,True
val_n_835_t7p0,n_835,val,720,1280,m15,True,0.0,False,0.0,238,607,478,942,True,True
train_d_438_t9p0,d_438,train,720,1280,raw,False,0.0,False,0.0,331,287,582,617,True,False
train_d_438_t9p0,d_438,train,720,1280,m05,True,0.0,False,0.0,318,270,595,634,True,True
train_d_438_t9p0,d_438,train,720,1280,m10,True,0.0,False,0.0,305,254,608,650,True,True
train_d_438_t9p0,d_438,train,720,1280,m15,True,0.0,False,0.0,293,237,620,667,True,True
train_n_908_t9p0,n_908,train,720,1280,raw,False,0.0,False,0.0,180,249,418,602,True,False
train_n_908_t9p0,n_908,train,720,1280,m05,True,0.0,False,0.0,168,231,430,620,True,True
train_n_908_t9p0,n_908,train,720,1280,m10,True,0.0,False,0.0,156,213,442,638,True,True
train_n_908_t9p0,n_908,train,720,1280,m15,True,0.0,False,0.0,144,196,454,655,True,True
val_d_796_t9p0,d_796,val,720,1280,raw,False,0.0,False,0.0,227,268,518,676,True,False
val_d_796_t9p0,d_796,val,720,1280,m05,True,0.0,False,0.0,212,247,533,697,True,True
val_d_796_t9p0,d_796,val,720,1280,m10,True,0.0,False,0.0,197,227,548,717,True,True
val_d_796_t9p0,d_796,val,720,1280,m15,True,0.0,False,0.0,183,206,562,738,True,True
val_n_835_t9p0,n_835,val,720,1280,raw,False,0.0,False,0.0,254,636,444,885,True,False
val_n_835_t9p0,n_835,val,720,1280,m05,True,0.0,False,0.0,244,623,454,898,True,True
val_n_835_t9p0,n_835,val,720,1280,m10,True,0.0,False,0.0,235,611,463,910,True,True
val_n_835_t9p0,n_835,val,720,1280,m15,True,0.0,False,0.0,225,598,473,923,True,True
train_d_5_t3p0,d_5,train,720,1280,raw,False,0.0,False,0.0,289,462,567,879,True,False
train_d_5_t3p0,d_5,train,720,1280,m05,True,0.0,False,0.0,275,441,581,900,True,True
train_d_5_t3p0,d_5,train,720,1280,m10,True,0.0,False,0.0,261,420,595,921,True,True
train_d_5_t3p0,d_5,train,720,1280,m15,True,0.0,False,0.0,247,399,609,942,True,True
train_n_290_t3p0,n_290,train,720,1280,raw,False,0.0,False,0.0,285,599,466,845,True,False
train_n_290_t3p0,n_290,train,720,1280,m05,True,0.0,False,0.0,275,586,476,858,True,True
train_n_290_t3p0,n_290,train,720,1280,m10,True,0.0,False,0.0,266,574,485,870,True,True
train_n_290_t3p0,n_290,train,720,1280,m15,True,0.0,False,0.0,257,562,494,882,True,True
val_d_396_t3p0,d_396,val,720,1280,raw,False,0.0,False,0.0,220,389,465,703,True,False
val_d_396_t3p0,d_396,val,720,1280,m05,True,0.0,False,0.0,207,373,478,719,True,True
val_d_396_t3p0,d_396,val,720,1280,m10,True,0.0,False,0.0,195,357,490,735,True,True
val_d_396_t3p0,d_396,val,720,1280,m15,True,0.0,False,0.0,183,341,502,751,True,True
val_n_241_t3p0,n_241,val,720,1280,raw,False,0.0,False,0.0,342,327,565,632,True,False
val_n_241_t3p0,n_241,val,720,1280,m05,True,0.0,False,0.0,330,311,577,648,True,True
val_n_241_t3p0,n_241,val,720,1280,m10,True,0.0,False,0.0,319,296,588,663,True,True
val_n_241_t3p0,n_241,val,720,1280,m15,True,0.0,False,0.0,308,281,599,678,True,True
train_d_5_t5p0,d_5,train,720,1280,raw,False,0.0,False,0.0,320,474,596,877,True,False
train_d_5_t5p0,d_5,train,720,1280,m05,True,0.0,False,0.0,306,453,610,898,True,True
train_d_5_t5p0,d_5,train,720,1280,m10,True,0.0,False,0.0,292,433,624,918,True,True
train_d_5_t5p0,d_5,train,720,1280,m15,True,0.0,False,0.0,278,413,638,938,True,True
train_n_290_t5p0,n_290,train,720,1280,raw,False,0.0,False,0.0,347,615,535,883,True,False
train_n_290_t5p0,n_290,train,720,1280,m05,True,0.0,False,0.0,337,601,545,897,True,True
train_n_290_t5p0,n_290,train,720,1280,m10,True,0.0,False,0.0,328,588,554,910,True,True
train_n_290_t5p0,n_290,train,720,1280,m15,True,0.0,False,0.0,318,574,564,924,True,True
val_d_396_t5p0,d_396,val,720,1280,raw,False,0.0,False,0.0,205,394,448,727,True,False
val_d_396_t5p0,d_396,val,720,1280,m05,True,0.0,False,0.0,192,377,461,744,True,True
val_d_396_t5p0,d_396,val,720,1280,m10,True,0.0,False,0.0,180,360,473,761,True,True
val_d_396_t5p0,d_396,val,720,1280,m15,True,0.0,False,0.0,168,344,485,777,True,True
val_n_241_t5p0,n_241,val,720,1280,raw,False,0.0,False,0.0,341,323,573,630,True,False
val_n_241_t5p0,n_241,val,720,1280,m05,True,0.0,False,0.0,329,307,585,646,True,True
val_n_241_t5p0,n_241,val,720,1280,m10,True,0.0,False,0.0,317,292,597,661,True,True
val_n_241_t5p0,n_241,val,720,1280,m15,True,0.0,False,0.0,306,276,608,677,True,True
train_d_5_t7p0,d_5,train,720,1280,raw,False,0.0,False,0.0,302,470,575,881,True,False
train_d_5_t7p0,d_5,train,720,1280,m05,True,0.0,False,0.0,288,449,589,902,True,True
train_d_5_t7p0,d_5,train,720,1280,m10,True,0.0,False,0.0,274,428,603,923,True,True
train_d_5_t7p0,d_5,train,720,1280,m15,True,0.0,False,0.0,261,408,616,943,True,True
train_n_290_t7p0,n_290,train,720,1280,raw,False,0.0,False,0.0,331,608,515,870,True,False
train_n_290_t7p0,n_290,train,720,1280,m05,True,0.0,False,0.0,321,594,525,884,True,True
train_n_290_t7p0,n_290,train,720,1280,m10,True,0.0,False,0.0,312,581,534,897,True,True
train_n_290_t7p0,n_290,train,720,1280,m15,True,0.0,False,0.0,303,568,543,910,True,True
val_d_396_t7p0,d_396,val,720,1280,raw,False,0.0,False,0.0,217,382,461,702,True,False
val_d_396_t7p0,d_396,val,720,1280,m05,True,0.0,False,0.0,204,366,474,718,True,True
val_d_396_t7p0,d_396,val,720,1280,m10,True,0.0,False,0.0,192,350,486,734,True,True
val_d_396_t7p0,d_396,val,720,1280,m15,True,0.0,False,0.0,180,334,498,750,True,True
val_n_241_t7p0,n_241,val,720,1280,raw,False,0.0,False,0.0,330,325,546,630,True,False
val_n_241_t7p0,n_241,val,720,1280,m05,True,0.0,False,0.0,319,309,557,646,True,True
val_n_241_t7p0,n_241,val,720,1280,m10,True,0.0,False,0.0,308,294,568,661,True,True
val_n_241_t7p0,n_241,val,720,1280,m15,True,0.0,False,0.0,297,279,579,676,True,True
train_d_5_t9p0,d_5,train,720,1280,raw,False,0.0,False,0.0,301,457,569,858,True,False
train_d_5_t9p0,d_5,train,720,1280,m05,True,0.0,False,0.0,287,436,583,879,True,True
train_d_5_t9p0,d_5,train,720,1280,m10,True,0.0,False,0.0,274,416,596,899,True,True
train_d_5_t9p0,d_5,train,720,1280,m15,True,0.0,False,0.0,260,396,610,919,True,True
train_n_290_t9p0,n_290,train,720,1280,raw,False,0.0,False,0.0,284,601,471,862,True,False
train_n_290_t9p0,n_290,train,720,1280,m05,True,0.0,False,0.0,274,587,481,876,True,True
train_n_290_t9p0,n_290,train,720,1280,m10,True,0.0,False,0.0,265,574,490,889,True,True
train_n_290_t9p0,n_290,train,720,1280,m15,True,0.0,False,0.0,255,561,500,902,True,True
val_d_396_t9p0,d_396,val,720,1280,raw,False,0.0,False,0.0,226,379,470,688,True,False
val_d_396_t9p0,d_396,val,720,1280,m05,True,0.0,False,0.0,213,363,483,704,True,True
val_d_396_t9p0,d_396,val,720,1280,m10,True,0.0,False,0.0,201,348,495,719,True,True
val_d_396_t9p0,d_396,val,720,1280,m15,True,0.0,False,0.0,189,332,507,735,True,True
val_n_241_t9p0,n_241,val,720,1280,raw,False,0.0,False,0.0,342,331,569,636,True,False
val_n_241_t9p0,n_241,val,720,1280,m05,True,0.0,False,0.0,330,315,581,652,True,True
val_n_241_t9p0,n_241,val,720,1280,m10,True,0.0,False,0.0,319,300,592,667,True,True
val_n_241_t9p0,n_241,val,720,1280,m15,True,0.0,False,0.0,307,285,604,682,True,True
train_d_5_t1p0,d_5,train,720,1280,raw,False,0.0,False,0.0,271,481,534,867,True,False
train_d_5_t1p0,d_5,train,720,1280,m05,True,0.0,False,0.0,257,461,548,887,True,True
train_d_5_t1p0,d_5,train,720,1280,m10,True,0.0,False,0.0,244,442,561,906,True,True
train_d_5_t1p0,d_5,train,720,1280,m15,True,0.0,False,0.0,231,423,574,925,True,True
train_n_290_t1p0,n_290,train,720,1280,raw,False,0.0,False,0.0,278,600,461,869,True,False
train_n_290_t1p0,n_290,train,720,1280,m05,True,0.0,False,0.0,268,586,471,883,True,True
train_n_290_t1p0,n_290,train,720,1280,m10,True,0.0,False,0.0,259,573,480,896,True,True
train_n_290_t1p0,n_290,train,720,1280,m15,True,0.0,False,0.0,250,559,489,910,True,True
val_d_396_t1p0,d_396,val,720,1280,raw,False,0.0,False,0.0,212,390,449,686,True,False
val_d_396_t1p0,d_396,val,720,1280,m05,True,0.0,False,0.0,200,375,461,701,True,True
val_d_396_t1p0,d_396,val,720,1280,m10,True,0.0,False,0.0,188,360,473,716,True,True
val_d_396_t1p0,d_396,val,720,1280,m15,True,0.0,False,0.0,176,345,485,731,True,True
val_n_241_t1p0,n_241,val,720,1280,raw,False,0.0,False,0.0,346,321,564,633,True,False
val_n_241_t1p0,n_241,val,720,1280,m05,True,0.0,False,0.0,335,305,575,649,True,True
val_n_241_t1p0,n_241,val,720,1280,m10,True,0.0,False,0.0,324,289,586,665,True,True
val_n_241_t1p0,n_241,val,720,1280,m15,True,0.0,False,0.0,313,274,597,680,True,True
train_d_25_t5p0,d_25,train,720,1280,raw,False,0.0,False,0.0,260,504,530,901,True,False
train_d_25_t5p0,d_25,train,720,1280,m05,True,0.0,False,0.0,246,484,544,921,True,True
train_d_25_t5p0,d_25,train,720,1280,m10,True,0.0,False,0.0,233,464,557,941,True,True
train_d_25_t5p0,d_25,train,720,1280,m15,True,0.0,False,0.0,219,444,571,961,True,True
train_n_461_t5p0,n_461,train,720,1280,raw,False,0.0,False,0.0,256,378,464,699,True,False
train_n_461_t5p0,n_461,train,720,1280,m05,True,0.0,False,0.0,245,361,475,716,True,True
train_n_461_t5p0,n_461,train,720,1280,m10,True,0.0,False,0.0,235,345,485,732,True,True
train_n_461_t5p0,n_461,train,720,1280,m15,True,0.0,False,0.0,224,329,496,748,True,True
val_d_44_t5p0,d_44,val,720,1280,raw,False,0.0,False,0.0,224,323,471,714,True,False
val_d_44_t5p0,d_44,val,720,1280,m05,True,0.0,False,0.0,211,303,484,734,True,True
val_d_44_t5p0,d_44,val,720,1280,m10,True,0.0,False,0.0,199,283,496,754,True,True
val_d_44_t5p0,d_44,val,720,1280,m15,True,0.0,False,0.0,186,264,509,773,True,True
val_n_996_t5p0,n_996,val,720,1280,raw,False,0.0,False,0.0,317,631,579,1019,True,False
val_n_996_t5p0,n_996,val,720,1280,m05,True,0.0,False,0.0,303,611,593,1039,True,True
val_n_996_t5p0,n_996,val,720,1280,m10,True,0.0,False,0.0,290,592,606,1058,True,True
val_n_996_t5p0,n_996,val,720,1280,m15,True,0.0,False,0.0,277,572,619,1078,True,True
train_d_25_t7p0,d_25,train,720,1280,raw,False,0.0,False,0.0,268,516,542,905,True,False
train_d_25_t7p0,d_25,train,720,1280,m05,True,0.0,False,0.0,254,496,556,925,True,True
train_d_25_t7p0,d_25,train,720,1280,m10,True,0.0,False,0.0,240,477,570,944,True,True
train_d_25_t7p0,d_25,train,720,1280,m15,True,0.0,False,0.0,226,457,584,964,True,True
train_n_461_t7p0,n_461,train,720,1280,raw,False,0.0,False,0.0,253,376,454,696,True,False
train_n_461_t7p0,n_461,train,720,1280,m05,True,0.0,False,0.0,242,360,465,712,True,True
train_n_461_t7p0,n_461,train,720,1280,m10,True,0.0,False,0.0,232,344,475,728,True,True
train_n_461_t7p0,n_461,train,720,1280,m15,True,0.0,False,0.0,222,328,485,744,True,True
val_d_44_t7p0,d_44,val,720,1280,raw,False,0.0,False,0.0,226,329,465,718,True,False
val_d_44_t7p0,d_44,val,720,1280,m05,True,0.0,False,0.0,214,309,477,738,True,True
val_d_44_t7p0,d_44,val,720,1280,m10,True,0.0,False,0.0,202,290,489,757,True,True
val_d_44_t7p0,d_44,val,720,1280,m15,True,0.0,False,0.0,190,270,501,777,True,True
val_n_996_t7p0,n_996,val,720,1280,raw,False,0.0,False,0.0,322,632,584,1008,True,False
val_n_996_t7p0,n_996,val,720,1280,m05,True,0.0,False,0.0,308,613,598,1027,True,True
val_n_996_t7p0,n_996,val,720,1280,m10,True,0.0,False,0.0,295,594,611,1046,True,True
val_n_996_t7p0,n_996,val,720,1280,m15,True,0.0,False,0.0,282,575,624,1065,True,True
train_d_25_t9p0,d_25,train,720,1280,raw,False,0.0,False,0.0,243,518,510,885,True,False
train_d_25_t9p0,d_25,train,720,1280,m05,True,0.0,False,0.0,229,499,524,904,True,True
train_d_25_t9p0,d_25,train,720,1280,m10,True,0.0,False,0.0,216,481,537,922,True,True
train_d_25_t9p0,d_25,train,720,1280,m15,True,0.0,False,0.0,202,462,551,941,True,True
train_n_461_t9p0,n_461,train,720,1280,raw,False,0.0,False,0.0,247,365,455,687,True,False
train_n_461_t9p0,n_461,train,720,1280,m05,True,0.0,False,0.0,236,348,466,704,True,True
train_n_461_t9p0,n_461,train,720,1280,m10,True,0.0,False,0.0,226,332,476,720,True,True
train_n_461_t9p0,n_461,train,720,1280,m15,True,0.0,False,0.0,215,316,487,736,True,True
val_d_44_t9p0,d_44,val,720,1280,raw,False,0.0,False,0.0,221,303,466,697,True,False
val_d_44_t9p0,d_44,val,720,1280,m05,True,0.0,False,0.0,208,283,479,717,True,True
val_d_44_t9p0,d_44,val,720,1280,m10,True,0.0,False,0.0,196,263,491,737,True,True
val_d_44_t9p0,d_44,val,720,1280,m15,True,0.0,False,0.0,184,243,503,757,True,True
val_n_996_t9p0,n_996,val,720,1280,raw,False,0.0,False,0.0,306,638,568,994,True,False
val_n_996_t9p0,n_996,val,720,1280,m05,True,0.0,False,0.0,292,620,582,1012,True,True
val_n_996_t9p0,n_996,val,720,1280,m10,True,0.0,False,0.0,279,602,595,1030,True,True
val_n_996_t9p0,n_996,val,720,1280,m15,True,0.0,False,0.0,266,584,608,1048,True,True
train_d_25_t1p0,d_25,train,720,1280,raw,False,0.0,False,0.0,254,530,520,903,True,False
train_d_25_t1p0,d_25,train,720,1280,m05,True,0.0,False,0.0,240,511,534,922,True,True
train_d_25_t1p0,d_25,train,720,1280,m10,True,0.0,False,0.0,227,492,547,941,True,True
train_d_25_t1p0,d_25,train,720,1280,m15,True,0.0,False,0.0,214,474,560,959,True,True
train_n_461_t1p0,n_461,train,720,1280,raw,False,0.0,False,0.0,243,368,454,698,True,False
train_n_461_t1p0,n_461,train,720,1280,m05,True,0.0,False,0.0,232,351,465,715,True,True
train_n_461_t1p0,n_461,train,720,1280,m10,True,0.0,False,0.0,221,335,476,731,True,True
train_n_461_t1p0,n_461,train,720,1280,m15,True,0.0,False,0.0,211,318,486,748,True,True
val_d_44_t1p0,d_44,val,720,1280,raw,False,0.0,False,0.0,217,310,471,721,True,False
val_d_44_t1p0,d_44,val,720,1280,m05,True,0.0,False,0.0,204,289,484,742,True,True
val_d_44_t1p0,d_44,val,720,1280,m10,True,0.0,False,0.0,191,268,497,763,True,True
val_d_44_t1p0,d_44,val,720,1280,m15,True,0.0,False,0.0,178,248,510,783,True,True
train_d_25_t3p0,d_25,train,720,1280,raw,False,0.0,False,0.0,271,498,535,881,True,False
train_d_25_t3p0,d_25,train,720,1280,m05,True,0.0,False,0.0,257,478,549,901,True,True
train_d_25_t3p0,d_25,train,720,1280,m10,True,0.0,False,0.0,244,459,562,920,True,True
train_d_25_t3p0,d_25,train,720,1280,m15,True,0.0,False,0.0,231,440,575,939,True,True
train_n_461_t3p0,n_461,train,720,1280,raw,False,0.0,False,0.0,258,376,468,706,True,False
train_n_461_t3p0,n_461,train,720,1280,m05,True,0.0,False,0.0,247,359,479,723,True,True
train_n_461_t3p0,n_461,train,720,1280,m10,False,0.0,False,0.0,237,343,489,739,True,False
train_n_461_t3p0,n_461,train,720,1280,m15,True,0.0,False,0.0,226,326,500,756,True,True
val_d_44_t3p0,d_44,val,720,1280,raw,False,0.0,False,0.0,223,323,472,713,True,False
val_d_44_t3p0,d_44,val,720,1280,m05,True,0.0,False,0.0,210,303,485,733,True,True
val_d_44_t3p0,d_44,val,720,1280,m10,True,0.0,False,0.0,198,284,497,752,True,True
val_d_44_t3p0,d_44,val,720,1280,m15,True,0.0,False,0.0,185,264,510,772,True,True
val_n_996_t3p0,n_996,val,720,1280,raw,False,0.0,False,0.0,331,628,581,1014,True,False
val_n_996_t3p0,n_996,val,720,1280,m05,True,0.0,False,0.0,318,608,594,1034,True,True
val_n_996_t3p0,n_996,val,720,1280,m10,True,0.0,False,0.0,306,589,606,1053,True,True
val_n_996_t3p0,n_996,val,720,1280,m15,True,0.0,False,0.0,293,570,619,1072,True,True
train_d_737_t7p0,d_737,train,720,1280,raw,False,0.0,False,0.0,250,612,466,927,True,False
train_d_737_t7p0,d_737,train,720,1280,m05,True,0.0,False,0.0,239,596,477,943,True,True
train_d_737_t7p0,d_737,train,720,1280,m10,True,0.0,False,0.0,228,580,488,959,True,True
train_d_737_t7p0,d_737,train,720,1280,m15,True,0.0,False,0.0,217,564,499,975,True,True
train_n_883_t7p0,n_883,train,720,1280,raw,False,0.0,False,0.0,243,617,425,900,True,False
train_n_883_t7p0,n_883,train,720,1280,m05,True,0.0,False,0.0,233,602,435,915,True,True
train_n_883_t7p0,n_883,train,720,1280,m10,True,0.0,False,0.0,224,588,444,929,True,True
train_n_883_t7p0,n_883,train,720,1280,m15,True,0.0,False,0.0,215,574,453,943,True,True
val_d_609_t7p0,d_609,val,720,1280,raw,False,0.0,False,0.0,350,411,520,660,True,False
val_d_609_t7p0,d_609,val,720,1280,m05,True,0.0,False,0.0,341,398,529,673,True,True
val_d_609_t7p0,d_609,val,720,1280,m10,True,0.0,False,0.0,333,386,537,685,True,True
val_d_609_t7p0,d_609,val,720,1280,m15,True,0.0,False,0.0,324,373,546,698,True,True
val_n_640_t7p0,n_640,val,720,1280,raw,False,0.0,False,0.0,296,368,491,661,True,False
val_n_640_t7p0,n_640,val,720,1280,m05,True,0.0,False,0.0,286,353,501,676,True,True
val_n_640_t7p0,n_640,val,720,1280,m10,True,0.0,False,0.0,276,338,511,691,True,True
val_n_640_t7p0,n_640,val,720,1280,m15,True,0.0,False,0.0,266,324,521,705,True,True
train_d_737_t9p0,d_737,train,720,1280,raw,False,0.0,False,0.0,202,610,444,944,True,False
train_d_737_t9p0,d_737,train,720,1280,m05,True,0.0,False,0.0,189,593,457,961,True,True
train_d_737_t9p0,d_737,train,720,1280,m10,True,0.0,False,0.0,177,576,469,978,True,True
train_d_737_t9p0,d_737,train,720,1280,m15,True,0.0,False,0.0,165,559,481,995,True,True
train_n_883_t9p0,n_883,train,720,1280,raw,False,0.0,False,0.0,231,623,417,892,True,False
train_n_883_t9p0,n_883,train,720,1280,m05,True,0.0,False,0.0,221,609,427,906,True,True
train_n_883_t9p0,n_883,train,720,1280,m10,True,0.0,False,0.0,212,596,436,919,True,True
train_n_883_t9p0,n_883,train,720,1280,m15,True,0.0,False,0.0,203,582,445,933,True,True
val_d_609_t9p0,d_609,val,720,1280,raw,False,0.0,False,0.0,350,409,521,657,True,False
val_d_609_t9p0,d_609,val,720,1280,m05,True,0.0,False,0.0,341,396,530,670,True,True
val_d_609_t9p0,d_609,val,720,1280,m10,True,0.0,False,0.0,332,384,539,682,True,True
val_d_609_t9p0,d_609,val,720,1280,m15,True,0.0,False,0.0,324,371,547,695,True,True
val_n_640_t9p0,n_640,val,720,1280,raw,False,0.0,False,0.0,254,374,455,659,True,False
val_n_640_t9p0,n_640,val,720,1280,m05,True,0.0,False,0.0,243,359,466,674,True,True
val_n_640_t9p0,n_640,val,720,1280,m10,True,0.0,False,0.0,233,345,476,688,True,True
val_n_640_t9p0,n_640,val,720,1280,m15,True,0.0,False,0.0,223,331,486,702,True,True
train_d_737_t1p0,d_737,train,720,1280,raw,False,0.0,False,0.0,237,609,452,922,True,False
train_d_737_t1p0,d_737,train,720,1280,m05,True,0.0,False,0.0,226,593,463,938,True,True
train_d_737_t1p0,d_737,train,720,1280,m10,True,0.0,False,0.0,215,577,474,954,True,True
train_d_737_t1p0,d_737,train,720,1280,m15,True,0.0,False,0.0,204,562,485,969,True,True
train_n_883_t1p0,n_883,train,720,1280,raw,False,0.0,False,0.0,218,628,414,895,True,False
train_n_883_t1p0,n_883,train,720,1280,m05,True,0.0,False,0.0,208,614,424,909,True,True
train_n_883_t1p0,n_883,train,720,1280,m10,True,0.0,False,0.0,198,601,434,922,True,True
train_n_883_t1p0,n_883,train,720,1280,m15,True,0.0,False,0.0,188,587,444,936,True,True
val_d_609_t1p0,d_609,val,720,1280,raw,False,0.0,False,0.0,355,418,521,663,True,False
val_d_609_t1p0,d_609,val,720,1280,m05,True,0.0,False,0.0,346,405,530,676,True,True
val_d_609_t1p0,d_609,val,720,1280,m10,True,0.0,False,0.0,338,393,538,688,True,True
val_d_609_t1p0,d_609,val,720,1280,m15,True,0.0,False,0.0,330,381,546,700,True,True
val_n_640_t1p0,n_640,val,720,1280,raw,False,0.0,False,0.0,242,358,443,657,True,False
val_n_640_t1p0,n_640,val,720,1280,m05,True,0.0,False,0.0,231,343,454,672,True,True
val_n_640_t1p0,n_640,val,720,1280,m10,True,0.0,False,0.0,221,328,464,687,True,True
val_n_640_t1p0,n_640,val,720,1280,m15,True,0.0,False,0.0,211,313,474,702,True,True
train_d_737_t3p0,d_737,train,720,1280,raw,False,0.0,False,0.0,213,623,437,925,True,False
train_d_737_t3p0,d_737,train,720,1280,m05,True,0.0,False,0.0,201,607,449,941,True,True
train_d_737_t3p0,d_737,train,720,1280,m10,True,0.0,False,0.0,190,592,460,956,True,True
train_d_737_t3p0,d_737,train,720,1280,m15,True,0.0,False,0.0,179,577,471,971,True,True
train_n_883_t3p0,n_883,train,720,1280,raw,False,0.0,False,0.0,228,629,416,900,True,False
train_n_883_t3p0,n_883,train,720,1280,m05,True,0.0,False,0.0,218,615,426,914,True,True
train_n_883_t3p0,n_883,train,720,1280,m10,True,0.0,False,0.0,209,601,435,928,True,True
train_n_883_t3p0,n_883,train,720,1280,m15,True,0.0,False,0.0,199,588,445,941,True,True
val_d_609_t3p0,d_609,val,720,1280,raw,False,0.0,False,0.0,349,410,524,667,True,False
val_d_609_t3p0,d_609,val,720,1280,m05,True,0.0,False,0.0,340,397,533,680,True,True
val_d_609_t3p0,d_609,val,720,1280,m10,True,0.0,False,0.0,331,384,542,693,True,True
val_d_609_t3p0,d_609,val,720,1280,m15,True,0.0,False,0.0,322,371,551,706,True,True
val_n_640_t3p0,n_640,val,720,1280,raw,False,0.0,False,0.0,273,362,483,654,True,False
val_n_640_t3p0,n_640,val,720,1280,m05,True,0.0,False,0.0,262,347,494,669,True,True
val_n_640_t3p0,n_640,val,720,1280,m10,True,0.0,False,0.0,252,332,504,684,True,True
val_n_640_t3p0,n_640,val,720,1280,m15,True,0.0,False,0.0,241,318,515,698,True,True
train_d_737_t5p0,d_737,train,720,1280,raw,False,0.0,False,0.0,245,609,469,928,True,False
train_d_737_t5p0,d_737,train,720,1280,m05,True,0.0,False,0.0,233,593,481,944,True,True
train_d_737_t5p0,d_737,train,720,1280,m10,True,0.0,False,0.0,222,577,492,960,True,True
train_d_737_t5p0,d_737,train,720,1280,m15,True,0.0,False,0.0,211,561,503,976,True,True
train_n_883_t5p0,n_883,train,720,1280,raw,False,0.0,False,0.0,228,628,415,899,True,False
train_n_883_t5p0,n_883,train,720,1280,m05,True,0.0,False,0.0,218,614,425,913,True,True
train_n_883_t5p0,n_883,train,720,1280,m10,True,0.0,False,0.0,209,600,434,927,True,True
train_n_883_t5p0,n_883,train,720,1280,m15,True,0.0,False,0.0,199,587,444,940,True,True
val_d_609_t5p0,d_609,val,720,1280,raw,False,0.0,False,0.0,352,414,518,654,True,False
val_d_609_t5p0,d_609,val,720,1280,m05,True,0.0,False,0.0,343,402,527,666,True,True
val_d_609_t5p0,d_609,val,720,1280,m10,True,0.0,False,0.0,335,390,535,678,True,True
val_d_609_t5p0,d_609,val,720,1280,m15,True,0.0,False,0.0,327,378,543,690,True,True
val_n_640_t5p0,n_640,val,720,1280,raw,False,0.0,False,0.0,284,374,488,672,True,False
val_n_640_t5p0,n_640,val,720,1280,m05,True,0.0,False,0.0,273,359,499,687,True,True
val_n_640_t5p0,n_640,val,720,1280,m10,True,0.0,False,0.0,263,344,509,702,True,True
val_n_640_t5p0,n_640,val,720,1280,m15,True,0.0,False,0.0,253,329,519,717,True,True
train_d_620_t9p0,d_620,train,720,1280,raw,False,0.0,False,0.0,346,418,516,664,True,False
train_d_620_t9p0,d_620,train,720,1280,m05,True,0.0,False,0.0,337,405,525,677,True,True
train_d_620_t9p0,d_620,train,720,1280,m10,True,0.0,False,0.0,329,393,533,689,True,True
train_d_620_t9p0,d_620,train,720,1280,m15,True,0.0,False,0.0,320,381,542,701,True,True
train_n_153_t9p0,n_153,train,720,1280,raw,False,0.0,False,0.0,224,617,384,847,True,False
train_n_153_t9p0,n_153,train,720,1280,m05,True,0.0,False,0.0,216,605,392,859,True,True
train_n_153_t9p0,n_153,train,720,1280,m10,False,0.0,False,0.0,208,594,400,870,True,False
train_n_153_t9p0,n_153,train,720,1280,m15,True,0.0,False,0.0,200,582,408,882,True,True
val_d_852_t9p0,d_852,val,720,1280,raw,False,0.0,False,0.0,302,643,562,1032,True,False
val_d_852_t9p0,d_852,val,720,1280,m05,True,0.0,False,0.0,289,623,575,1052,True,True
val_d_852_t9p0,d_852,val,720,1280,m10,True,0.0,False,0.0,276,604,588,1071,True,True
val_d_852_t9p0,d_852,val,720,1280,m15,True,0.0,False,0.0,263,584,601,1091,True,True
val_n_658_t9p0,n_658,val,720,1280,raw,False,0.0,False,0.0,201,394,407,684,True,False
val_n_658_t9p0,n_658,val,720,1280,m05,True,0.0,False,0.0,190,379,418,699,True,True
val_n_658_t9p0,n_658,val,720,1280,m10,True,0.0,False,0.0,180,365,428,713,True,True
val_n_658_t9p0,n_658,val,720,1280,m15,True,0.0,False,0.0,170,350,438,728,True,True
train_d_620_t1p0,d_620,train,720,1280,raw,False,0.0,False,0.0,357,415,523,672,True,False
train_d_620_t1p0,d_620,train,720,1280,m05,True,0.0,False,0.0,348,402,532,685,True,True
train_d_620_t1p0,d_620,train,720,1280,m10,True,0.0,False,0.0,340,389,540,698,True,True
train_d_620_t1p0,d_620,train,720,1280,m15,True,0.0,False,0.0,332,376,548,711,True,True
train_n_153_t1p0,n_153,train,720,1280,raw,False,0.0,False,0.0,223,613,380,836,True,False
train_n_153_t1p0,n_153,train,720,1280,m05,True,0.0,False,0.0,215,601,388,848,True,True
train_n_153_t1p0,n_153,train,720,1280,m10,True,0.0,False,0.0,207,590,396,859,True,True
train_n_153_t1p0,n_153,train,720,1280,m15,True,0.0,False,0.0,199,579,404,870,True,True
val_d_852_t1p0,d_852,val,720,1280,raw,False,0.0,False,0.0,307,656,565,1021,True,False
val_d_852_t1p0,d_852,val,720,1280,m05,True,0.0,False,0.0,294,637,578,1040,True,True
val_d_852_t1p0,d_852,val,720,1280,m10,True,0.0,False,0.0,281,619,591,1058,True,True
val_d_852_t1p0,d_852,val,720,1280,m15,True,0.0,False,0.0,268,601,604,1076,True,True
val_n_658_t1p0,n_658,val,720,1280,raw,False,0.0,False,0.0,197,395,417,691,True,False
val_n_658_t1p0,n_658,val,720,1280,m05,True,0.0,False,0.0,186,380,428,706,True,True
val_n_658_t1p0,n_658,val,720,1280,m10,True,0.0,False,0.0,175,365,439,721,True,True
val_n_658_t1p0,n_658,val,720,1280,m15,True,0.0,False,0.0,164,350,450,736,True,True
train_d_620_t3p0,d_620,train,720,1280,raw,False,0.0,False,0.0,340,416,517,665,True,False
train_d_620_t3p0,d_620,train,720,1280,m05,True,0.0,False,0.0,331,403,526,678,True,True
train_d_620_t3p0,d_620,train,720,1280,m10,True,0.0,False,0.0,322,391,535,690,True,True
train_d_620_t3p0,d_620,train,720,1280,m15,True,0.0,False,0.0,313,378,544,703,True,True
train_n_153_t3p0,n_153,train,720,1280,raw,False,0.0,False,0.0,210,612,369,839,True,False
train_n_153_t3p0,n_153,train,720,1280,m05,True,0.0,False,0.0,202,600,377,851,True,True
train_n_153_t3p0,n_153,train,720,1280,m10,True,0.0,False,0.0,194,589,385,862,True,True
train_n_153_t3p0,n_153,train,720,1280,m15,True,0.0,False,0.0,186,577,393,874,True,True
val_d_852_t3p0,d_852,val,720,1280,raw,False,0.0,False,0.0,323,659,577,1036,True,False
val_d_852_t3p0,d_852,val,720,1280,m05,True,0.0,False,0.0,310,640,590,1055,True,True
val_d_852_t3p0,d_852,val,720,1280,m10,True,0.0,False,0.0,297,621,603,1074,True,True
val_d_852_t3p0,d_852,val,720,1280,m15,True,0.0,False,0.0,284,602,616,1093,True,True
val_n_658_t3p0,n_658,val,720,1280,raw,False,0.0,False,0.0,206,385,437,689,True,False
val_n_658_t3p0,n_658,val,720,1280,m05,True,0.0,False,0.0,194,369,449,705,True,True
val_n_658_t3p0,n_658,val,720,1280,m10,True,0.0,False,0.0,182,354,461,720,True,True
val_n_658_t3p0,n_658,val,720,1280,m15,True,0.0,False,0.0,171,339,472,735,True,True
train_d_620_t5p0,d_620,train,720,1280,raw,False,0.0,False,0.0,335,410,513,662,True,False
train_d_620_t5p0,d_620,train,720,1280,m05,True,0.0,False,0.0,326,397,522,675,True,True
train_d_620_t5p0,d_620,train,720,1280,m10,True,0.0,False,0.0,317,384,531,688,True,True
train_d_620_t5p0,d_620,train,720,1280,m15,True,0.0,False,0.0,308,372,540,700,True,True
train_n_153_t5p0,n_153,train,720,1280,raw,False,0.0,False,0.0,222,612,382,844,True,False
train_n_153_t5p0,n_153,train,720,1280,m05,True,0.0,False,0.0,214,600,390,856,True,True
train_n_153_t5p0,n_153,train,720,1280,m10,True,0.0,False,0.0,206,588,398,868,True,True
train_n_153_t5p0,n_153,train,720,1280,m15,True,0.0,False,0.0,198,577,406,879,True,True
val_d_852_t5p0,d_852,val,720,1280,raw,False,0.0,False,0.0,305,654,559,1020,True,False
val_d_852_t5p0,d_852,val,720,1280,m05,True,0.0,False,0.0,292,635,572,1039,True,True
val_d_852_t5p0,d_852,val,720,1280,m10,True,0.0,False,0.0,279,617,585,1057,True,True
val_d_852_t5p0,d_852,val,720,1280,m15,True,0.0,False,0.0,266,599,598,1075,True,True
val_n_658_t5p0,n_658,val,720,1280,raw,False,0.0,False,0.0,195,394,399,680,True,False
val_n_658_t5p0,n_658,val,720,1280,m05,True,0.0,False,0.0,184,379,410,695,True,True
val_n_658_t5p0,n_658,val,720,1280,m10,True,0.0,False,0.0,174,365,420,709,True,True
val_n_658_t5p0,n_658,val,720,1280,m15,True,0.0,False,0.0,164,351,430,723,True,True
train_d_620_t7p0,d_620,train,720,1280,raw,False,0.0,False,0.0,344,412,517,665,True,False
train_d_620_t7p0,d_620,train,720,1280,m05,True,0.0,False,0.0,335,399,526,678,True,True
train_d_620_t7p0,d_620,train,720,1280,m10,True,0.0,False,0.0,326,386,535,691,True,True
train_d_620_t7p0,d_620,train,720,1280,m15,True,0.0,False,0.0,318,374,543,703,True,True
train_n_153_t7p0,n_153,train,720,1280,raw,False,0.0,False,0.0,223,619,383,840,True,False
train_n_153_t7p0,n_153,train,720,1280,m05,True,0.0,False,0.0,215,607,391,852,True,True
train_n_153_t7p0,n_153,train,720,1280,m10,True,0.0,False,0.0,207,596,399,863,True,True
train_n_153_t7p0,n_153,train,720,1280,m15,True,0.0,False,0.0,199,585,407,874,True,True
val_d_852_t7p0,d_852,val,720,1280,raw,False,0.0,False,0.0,310,649,565,1011,True,False
val_d_852_t7p0,d_852,val,720,1280,m05,True,0.0,False,0.0,297,630,578,1030,True,True
val_d_852_t7p0,d_852,val,720,1280,m10,True,0.0,False,0.0,284,612,591,1048,True,True
val_d_852_t7p0,d_852,val,720,1280,m15,True,0.0,False,0.0,271,594,604,1066,True,True
val_n_658_t7p0,n_658,val,720,1280,raw,False,0.0,False,0.0,154,389,390,694,True,False
val_n_658_t7p0,n_658,val,720,1280,m05,True,0.0,False,0.0,142,373,402,710,True,True
val_n_658_t7p0,n_658,val,720,1280,m10,True,0.0,False,0.0,130,358,414,725,True,True
val_n_658_t7p0,n_658,val,720,1280,m15,True,0.0,False,0.0,118,343,426,740,True,True
train_d_936_t1p0,d_936,train,720,1280,raw,False,0.0,False,0.0,226,580,465,878,True,False
train_d_936_t1p0,d_936,train,720,1280,m05,True,0.0,False,0.0,214,565,477,893,True,True
train_d_936_t1p0,d_936,train,720,1280,m10,True,0.0,False,0.0,202,550,489,908,True,True
train_d_936_t1p0,d_936,train,720,1280,m15,True,0.0,False,0.0,190,535,501,923,True,True
train_n_474_t1p0,n_474,train,720,1280,raw,False,0.0,False,0.0,209,381,434,730,True,False
train_n_474_t1p0,n_474,train,720,1280,m05,True,0.0,False,0.0,197,363,446,748,True,True
train_n_474_t1p0,n_474,train,720,1280,m10,True,0.0,False,0.0,186,346,457,765,True,True
train_n_474_t1p0,n_474,train,720,1280,m15,True,0.0,False,0.0,175,328,468,783,True,True
val_d_280_t1p0,d_280,val,720,1280,raw,False,0.0,False,0.0,303,598,482,853,True,False
val_d_280_t1p0,d_280,val,720,1280,m05,True,0.0,False,0.0,294,585,491,866,True,True
val_d_280_t1p0,d_280,val,720,1280,m10,True,0.0,False,0.0,285,572,500,879,True,True
val_d_280_t1p0,d_280,val,720,1280,m15,True,0.0,False,0.0,276,559,509,892,True,True
val_n_1002_t1p0,n_1002,val,720,1280,raw,False,0.0,False,0.0,238,576,471,878,True,False
val_n_1002_t1p0,n_1002,val,720,1280,m05,True,0.0,False,0.0,226,560,483,894,True,True
val_n_1002_t1p0,n_1002,val,720,1280,m10,True,0.0,False,0.0,214,545,495,909,True,True
val_n_1002_t1p0,n_1002,val,720,1280,m15,True,0.0,False,0.0,203,530,506,924,True,True
train_d_936_t3p0,d_936,train,720,1280,raw,False,0.0,False,0.0,200,580,449,896,True,False
train_d_936_t3p0,d_936,train,720,1280,m05,True,0.0,False,0.0,187,564,462,912,True,True
train_d_936_t3p0,d_936,train,720,1280,m10,True,0.0,False,0.0,175,548,474,928,True,True
train_d_936_t3p0,d_936,train,720,1280,m15,True,0.0,False,0.0,162,532,487,944,True,True
train_n_474_t3p0,n_474,train,720,1280,raw,False,0.0,False,0.0,230,378,447,702,True,False
train_n_474_t3p0,n_474,train,720,1280,m05,True,0.0,False,0.0,219,361,458,719,True,True
train_n_474_t3p0,n_474,train,720,1280,m10,True,0.0,False,0.0,208,345,469,735,True,True
train_n_474_t3p0,n_474,train,720,1280,m15,True,0.0,False,0.0,197,329,480,751,True,True
val_d_280_t3p0,d_280,val,720,1280,raw,False,0.0,False,0.0,278,629,466,888,True,False
val_d_280_t3p0,d_280,val,720,1280,m05,True,0.0,False,0.0,268,616,476,901,True,True
val_d_280_t3p0,d_280,val,720,1280,m10,True,0.0,False,0.0,259,603,485,914,True,True
val_d_280_t3p0,d_280,val,720,1280,m15,True,0.0,False,0.0,249,590,495,927,True,True
val_n_1002_t3p0,n_1002,val,720,1280,raw,False,0.0,False,0.0,259,574,474,870,True,False
val_n_1002_t3p0,n_1002,val,720,1280,m05,True,0.0,False,0.0,248,559,485,885,True,True
val_n_1002_t3p0,n_1002,val,720,1280,m10,True,0.0,False,0.0,237,544,496,900,True,True
val_n_1002_t3p0,n_1002,val,720,1280,m15,True,0.0,False,0.0,226,529,507,915,True,True
train_d_936_t5p0,d_936,train,720,1280,raw,False,0.0,False,0.0,238,577,477,879,True,False
train_d_936_t5p0,d_936,train,720,1280,m05,True,0.0,False,0.0,226,561,489,895,True,True
train_d_936_t5p0,d_936,train,720,1280,m10,True,0.0,False,0.0,214,546,501,910,True,True
train_d_936_t5p0,d_936,train,720,1280,m15,True,0.0,False,0.0,202,531,513,925,True,True
train_n_474_t5p0,n_474,train,720,1280,raw,False,0.0,False,0.0,229,377,445,706,True,False
train_n_474_t5p0,n_474,train,720,1280,m05,True,0.0,False,0.0,218,360,456,723,True,True
train_n_474_t5p0,n_474,train,720,1280,m10,True,0.0,False,0.0,207,344,467,739,True,True
train_n_474_t5p0,n_474,train,720,1280,m15,True,0.0,False,0.0,196,327,478,756,True,True
val_d_280_t5p0,d_280,val,720,1280,raw,False,0.0,False,0.0,305,600,483,851,True,False
val_d_280_t5p0,d_280,val,720,1280,m05,True,0.0,False,0.0,296,587,492,864,True,True
val_d_280_t5p0,d_280,val,720,1280,m10,True,0.0,False,0.0,287,574,501,877,True,True
val_d_280_t5p0,d_280,val,720,1280,m15,True,0.0,False,0.0,278,562,510,889,True,True
val_n_1002_t5p0,n_1002,val,720,1280,raw,False,0.0,False,0.0,285,564,505,875,True,False
val_n_1002_t5p0,n_1002,val,720,1280,m05,True,0.0,False,0.0,274,548,516,891,True,True
val_n_1002_t5p0,n_1002,val,720,1280,m10,True,0.0,False,0.0,263,532,527,907,True,True
val_n_1002_t5p0,n_1002,val,720,1280,m15,True,0.0,False,0.0,252,517,538,922,True,True
train_d_936_t7p0,d_936,train,720,1280,raw,False,0.0,False,0.0,256,578,489,873,True,False
train_d_936_t7p0,d_936,train,720,1280,m05,True,0.0,False,0.0,244,563,501,888,True,True
train_d_936_t7p0,d_936,train,720,1280,m10,True,0.0,False,0.0,232,548,513,903,True,True
train_d_936_t7p0,d_936,train,720,1280,m15,True,0.0,False,0.0,221,533,524,918,True,True
train_n_474_t7p0,n_474,train,720,1280,raw,False,0.0,False,0.0,225,373,443,706,True,False
train_n_474_t7p0,n_474,train,720,1280,m05,True,0.0,False,0.0,214,356,454,723,True,True
train_n_474_t7p0,n_474,train,720,1280,m10,True,0.0,False,0.0,203,339,465,740,True,True
train_n_474_t7p0,n_474,train,720,1280,m15,True,0.0,False,0.0,192,323,476,756,True,True
val_d_280_t7p0,d_280,val,720,1280,raw,False,0.0,False,0.0,313,591,485,826,True,False
val_d_280_t7p0,d_280,val,720,1280,m05,True,0.0,False,0.0,304,579,494,838,True,True
val_d_280_t7p0,d_280,val,720,1280,m10,True,0.0,False,0.0,295,567,503,850,True,True
val_d_280_t7p0,d_280,val,720,1280,m15,True,0.0,False,0.0,287,555,511,862,True,True
val_n_1002_t7p0,n_1002,val,720,1280,raw,False,0.0,False,0.0,284,567,495,871,True,False
val_n_1002_t7p0,n_1002,val,720,1280,m05,True,0.0,False,0.0,273,551,506,887,True,True
val_n_1002_t7p0,n_1002,val,720,1280,m10,True,0.0,False,0.0,262,536,517,902,True,True
val_n_1002_t7p0,n_1002,val,720,1280,m15,True,0.0,False,0.0,252,521,527,917,True,True
train_d_936_t9p0,d_936,train,720,1280,raw,False,0.0,False,0.0,287,557,503,870,True,False
train_d_936_t9p0,d_936,train,720,1280,m05,True,0.0,False,0.0,276,541,514,886,True,True
train_d_936_t9p0,d_936,train,720,1280,m10,True,0.0,False,0.0,265,525,525,902,True,True
train_d_936_t9p0,d_936,train,720,1280,m15,True,0.0,False,0.0,254,510,536,917,True,True
train_n_474_t9p0,n_474,train,720,1280,raw,False,0.0,False,0.0,245,386,454,708,True,False
train_n_474_t9p0,n_474,train,720,1280,m05,True,0.0,False,0.0,234,369,465,725,True,True
train_n_474_t9p0,n_474,train,720,1280,m10,True,0.0,False,0.0,224,353,475,741,True,True
train_n_474_t9p0,n_474,train,720,1280,m15,True,0.0,False,0.0,213,337,486,757,True,True
val_d_280_t9p0,d_280,val,720,1280,raw,False,0.0,False,0.0,329,591,509,834,True,False
val_d_280_t9p0,d_280,val,720,1280,m05,True,0.0,False,0.0,320,578,518,847,True,True
val_d_280_t9p0,d_280,val,720,1280,m10,True,0.0,False,0.0,311,566,527,859,True,True
val_d_280_t9p0,d_280,val,720,1280,m15,True,0.0,False,0.0,302,554,536,871,True,True
val_n_1002_t9p0,n_1002,val,720,1280,raw,False,0.0,False,0.0,260,569,479,872,True,False
val_n_1002_t9p0,n_1002,val,720,1280,m05,True,0.0,False,0.0,249,553,490,888,True,True
val_n_1002_t9p0,n_1002,val,720,1280,m10,True,0.0,False,0.0,238,538,501,903,True,True
val_n_1002_t9p0,n_1002,val,720,1280,m15,True,0.0,False,0.0,227,523,512,918,True,True
train_d_488_t3p0,d_488,train,720,1280,raw,False,0.0,False,0.0,267,318,477,633,True,False
train_d_488_t3p0,d_488,train,720,1280,m05,True,0.0,False,0.0,256,302,488,649,True,True
train_d_488_t3p0,d_488,train,720,1280,m10,True,0.0,False,0.0,246,286,498,665,True,True
train_d_488_t3p0,d_488,train,720,1280,m15,True,0.0,False,0.0,235,270,509,681,True,True
train_n_278_t3p0,n_278,train,720,1280,raw,False,0.0,False,0.0,263,596,444,857,True,False
train_n_278_t3p0,n_278,train,720,1280,m05,True,0.0,False,0.0,253,582,454,871,True,True
train_n_278_t3p0,n_278,train,720,1280,m10,True,0.0,False,0.0,244,569,463,884,True,True
train_n_278_t3p0,n_278,train,720,1280,m15,True,0.0,False,0.0,235,556,472,897,True,True
val_d_682_t3p0,d_682,val,720,1280,raw,False,0.0,False,0.0,312,464,498,751,True,False
val_d_682_t3p0,d_682,val,720,1280,m05,True,0.0,False,0.0,302,449,508,766,True,True
val_d_682_t3p0,d_682,val,720,1280,m10,True,0.0,False,0.0,293,435,517,780,True,True
val_d_682_t3p0,d_682,val,720,1280,m15,True,0.0,False,0.0,284,420,526,795,True,True
val_n_378_t3p0,n_378,val,720,1280,raw,False,0.0,False,0.0,210,271,475,668,True,False
val_n_378_t3p0,n_378,val,720,1280,m05,True,0.0,False,0.0,196,251,489,688,True,True
val_n_378_t3p0,n_378,val,720,1280,m10,True,0.0,False,0.0,183,231,502,708,True,True
val_n_378_t3p0,n_378,val,720,1280,m15,True,0.0,False,0.0,170,211,515,728,True,True
train_d_488_t5p0,d_488,train,720,1280,raw,False,0.0,False,0.0,259,318,469,635,True,False
train_d_488_t5p0,d_488,train,720,1280,m05,True,0.0,False,0.0,248,302,480,651,True,True
train_d_488_t5p0,d_488,train,720,1280,m10,True,0.0,False,0.0,238,286,490,667,True,True
train_d_488_t5p0,d_488,train,720,1280,m15,True,0.0,False,0.0,227,270,501,683,True,True
train_n_278_t5p0,n_278,train,720,1280,raw,False,0.0,False,0.0,255,607,444,846,True,False
train_n_278_t5p0,n_278,train,720,1280,m05,True,0.0,False,0.0,245,595,454,858,True,True
train_n_278_t5p0,n_278,train,720,1280,m10,True,0.0,False,0.0,236,583,463,870,True,True
train_n_278_t5p0,n_278,train,720,1280,m15,True,0.0,False,0.0,226,571,473,882,True,True
val_d_682_t5p0,d_682,val,720,1280,raw,False,0.0,False,0.0,307,451,487,735,True,False
val_d_682_t5p0,d_682,val,720,1280,m05,True,0.0,False,0.0,298,436,496,750,True,True
val_d_682_t5p0,d_682,val,720,1280,m10,True,0.0,False,0.0,289,422,505,764,True,True
val_d_682_t5p0,d_682,val,720,1280,m15,True,0.0,False,0.0,280,408,514,778,True,True
val_n_378_t5p0,n_378,val,720,1280,raw,False,0.0,False,0.0,208,274,480,683,True,False
val_n_378_t5p0,n_378,val,720,1280,m05,True,0.0,False,0.0,194,253,494,704,True,True
val_n_378_t5p0,n_378,val,720,1280,m10,True,0.0,False,0.0,180,233,508,724,True,True
val_n_378_t5p0,n_378,val,720,1280,m15,True,0.0,False,0.0,167,212,521,745,True,True
train_d_488_t7p0,d_488,train,720,1280,raw,False,0.0,False,0.0,256,322,467,648,True,False
train_d_488_t7p0,d_488,train,720,1280,m05,True,0.0,False,0.0,245,305,478,665,True,True
train_d_488_t7p0,d_488,train,720,1280,m10,True,0.0,False,0.0,234,289,489,681,True,True
train_d_488_t7p0,d_488,train,720,1280,m15,True,0.0,False,0.0,224,273,499,697,True,True
train_n_278_t7p0,n_278,train,720,1280,raw,False,0.0,False,0.0,258,610,447,862,True,False
train_n_278_t7p0,n_278,train,720,1280,m05,True,0.0,False,0.0,248,597,457,875,True,True
train_n_278_t7p0,n_278,train,720,1280,m10,True,0.0,False,0.0,239,584,466,888,True,True
train_n_278_t7p0,n_278,train,720,1280,m15,True,0.0,False,0.0,229,572,476,900,True,True
val_d_682_t7p0,d_682,val,720,1280,raw,False,0.0,False,0.0,303,453,488,737,True,False
val_d_682_t7p0,d_682,val,720,1280,m05,True,0.0,False,0.0,293,438,498,752,True,True
val_d_682_t7p0,d_682,val,720,1280,m10,True,0.0,False,0.0,284,424,507,766,True,True
val_d_682_t7p0,d_682,val,720,1280,m15,True,0.0,False,0.0,275,410,516,780,True,True
val_n_378_t7p0,n_378,val,720,1280,raw,False,0.0,False,0.0,228,284,502,675,True,False
val_n_378_t7p0,n_378,val,720,1280,m05,True,0.0,False,0.0,214,264,516,695,True,True
val_n_378_t7p0,n_378,val,720,1280,m10,True,0.0,False,0.0,200,244,530,715,True,True
val_n_378_t7p0,n_378,val,720,1280,m15,True,0.0,False,0.0,186,225,544,734,True,True
train_d_488_t9p0,d_488,train,720,1280,raw,False,0.0,False,0.0,256,315,465,639,True,False
train_d_488_t9p0,d_488,train,720,1280,m05,True,0.0,False,0.0,245,298,476,656,True,True
train_d_488_t9p0,d_488,train,720,1280,m10,True,0.0,False,0.0,235,282,486,672,True,True
train_d_488_t9p0,d_488,train,720,1280,m15,True,0.0,False,0.0,224,266,497,688,True,True
train_n_278_t9p0,n_278,train,720,1280,raw,False,0.0,False,0.0,292,616,481,874,True,False
train_n_278_t9p0,n_278,train,720,1280,m05,True,0.0,False,0.0,282,603,491,887,True,True
train_n_278_t9p0,n_278,train,720,1280,m10,True,0.0,False,0.0,273,590,500,900,True,True
train_n_278_t9p0,n_278,train,720,1280,m15,True,0.0,False,0.0,263,577,510,913,True,True
val_d_682_t9p0,d_682,val,720,1280,raw,False,0.0,False,0.0,291,436,485,721,True,False
val_d_682_t9p0,d_682,val,720,1280,m05,True,0.0,False,0.0,281,421,495,736,True,True
val_d_682_t9p0,d_682,val,720,1280,m10,True,0.0,False,0.0,271,407,505,750,True,True
val_d_682_t9p0,d_682,val,720,1280,m15,True,0.0,False,0.0,261,393,515,764,True,True
val_n_378_t9p0,n_378,val,720,1280,raw,False,0.0,False,0.0,208,245,478,616,True,False
val_n_378_t9p0,n_378,val,720,1280,m05,True,0.0,False,0.0,194,226,492,635,True,True
val_n_378_t9p0,n_378,val,720,1280,m10,True,0.0,False,0.0,181,207,505,654,True,True
val_n_378_t9p0,n_378,val,720,1280,m15,True,0.0,False,0.0,167,189,519,672,True,True
train_d_488_t1p0,d_488,train,720,1280,raw,False,0.0,False,0.0,260,320,477,646,True,False
train_d_488_t1p0,d_488,train,720,1280,m05,True,0.0,False,0.0,249,303,488,663,True,True
train_d_488_t1p0,d_488,train,720,1280,m10,True,0.0,False,0.0,238,287,499,679,True,True
train_d_488_t1p0,d_488,train,720,1280,m15,True,0.0,False,0.0,227,271,510,695,True,True
train_n_278_t1p0,n_278,train,720,1280,raw,False,0.0,False,0.0,280,600,466,848,True,False
train_n_278_t1p0,n_278,train,720,1280,m05,True,0.0,False,0.0,270,587,476,861,True,True
train_n_278_t1p0,n_278,train,720,1280,m10,True,0.0,False,0.0,261,575,485,873,True,True
train_n_278_t1p0,n_278,train,720,1280,m15,True,0.0,False,0.0,252,562,494,886,True,True
val_d_682_t1p0,d_682,val,720,1280,raw,False,0.0,False,0.0,311,444,501,730,True,False
val_d_682_t1p0,d_682,val,720,1280,m05,True,0.0,False,0.0,301,429,511,745,True,True
val_d_682_t1p0,d_682,val,720,1280,m10,True,0.0,False,0.0,292,415,520,759,True,True
val_d_682_t1p0,d_682,val,720,1280,m15,True,0.0,False,0.0,282,401,530,773,True,True
val_n_378_t1p0,n_378,val,720,1280,raw,False,0.0,False,0.0,239,312,511,691,True,False
val_n_378_t1p0,n_378,val,720,1280,m05,True,0.0,False,0.0,225,293,525,710,True,True
val_n_378_t1p0,n_378,val,720,1280,m10,True,0.0,False,0.0,211,274,539,729,True,True
val_n_378_t1p0,n_378,val,720,1280,m15,True,0.0,False,0.0,198,255,552,748,True,True
train_d_75_t5p0,d_75,train,720,1280,raw,False,0.0,False,0.0,163,226,447,658,True,False
train_d_75_t5p0,d_75,train,720,1280,m05,True,0.0,False,0.0,148,204,462,680,True,True
train_d_75_t5p0,d_75,train,720,1280,m10,True,0.0,False,0.0,134,182,476,702,True,True
train_d_75_t5p0,d_75,train,720,1280,m15,True,0.0,False,0.0,120,161,490,723,True,True
train_n_889_t5p0,n_889,train,720,1280,raw,False,0.0,False,0.0,243,313,476,662,True,False
train_n_889_t5p0,n_889,train,720,1280,m05,True,0.0,False,0.0,231,295,488,680,True,True
train_n_889_t5p0,n_889,train,720,1280,m10,True,0.0,False,0.0,219,278,500,697,True,True
train_n_889_t5p0,n_889,train,720,1280,m15,True,0.0,False,0.0,208,260,511,715,True,True
val_n_196_t5p0,n_196,val,720,1280,raw,False,0.0,False,0.0,215,617,373,841,True,False
val_n_196_t5p0,n_196,val,720,1280,m05,True,0.0,False,0.0,207,605,381,853,True,True
val_n_196_t5p0,n_196,val,720,1280,m10,True,0.0,False,0.0,199,594,389,864,True,True
val_n_196_t5p0,n_196,val,720,1280,m15,True,0.0,False,0.0,191,583,397,875,True,True
train_d_75_t7p0,d_75,train,720,1280,raw,False,0.0,False,0.0,111,201,406,651,True,False
train_d_75_t7p0,d_75,train,720,1280,m05,True,0.0,False,0.0,96,178,421,674,True,True
train_d_75_t7p0,d_75,train,720,1280,m10,True,0.0,False,0.0,81,156,436,696,True,True
train_d_75_t7p0,d_75,train,720,1280,m15,True,0.0,False,0.0,66,133,451,719,True,True
train_n_889_t7p0,n_889,train,720,1280,raw,False,0.0,False,0.0,237,302,477,639,True,False
train_n_889_t7p0,n_889,train,720,1280,m05,True,0.0,False,0.0,225,285,489,656,True,True
train_n_889_t7p0,n_889,train,720,1280,m10,True,0.0,False,0.0,213,268,501,673,True,True
train_n_889_t7p0,n_889,train,720,1280,m15,True,0.0,False,0.0,201,251,513,690,True,True
val_d_430_t7p0,d_430,val,720,1280,raw,False,0.0,False,0.0,229,385,474,705,True,False
val_d_430_t7p0,d_430,val,720,1280,m05,True,0.0,False,0.0,216,369,487,721,True,True
val_d_430_t7p0,d_430,val,720,1280,m10,True,0.0,False,0.0,204,353,499,737,True,True
val_d_430_t7p0,d_430,val,720,1280,m15,True,0.0,False,0.0,192,337,511,753,True,True
val_n_196_t7p0,n_196,val,720,1280,raw,False,0.0,False,0.0,208,625,368,846,True,False
val_n_196_t7p0,n_196,val,720,1280,m05,True,0.0,False,0.0,200,613,376,858,True,True
val_n_196_t7p0,n_196,val,720,1280,m10,True,0.0,False,0.0,192,602,384,869,True,True
val_n_196_t7p0,n_196,val,720,1280,m15,True,0.0,False,0.0,184,591,392,880,True,True
train_d_75_t9p0,d_75,train,720,1280,raw,False,0.0,False,0.0,99,206,410,673,True,False
train_d_75_t9p0,d_75,train,720,1280,m05,True,0.0,False,0.0,83,182,426,697,True,True
train_d_75_t9p0,d_75,train,720,1280,m10,True,0.0,False,0.0,67,159,442,720,True,True
train_d_75_t9p0,d_75,train,720,1280,m15,True,0.0,False,0.0,52,135,457,744,True,True
train_n_889_t9p0,n_889,train,720,1280,raw,False,0.0,False,0.0,252,304,487,633,True,False
train_n_889_t9p0,n_889,train,720,1280,m05,True,0.0,False,0.0,240,287,499,650,True,True
train_n_889_t9p0,n_889,train,720,1280,m10,True,0.0,False,0.0,228,271,511,666,True,True
train_n_889_t9p0,n_889,train,720,1280,m15,True,0.0,False,0.0,216,254,523,683,True,True
val_d_430_t9p0,d_430,val,720,1280,raw,False,0.0,False,0.0,212,379,454,703,True,False
val_d_430_t9p0,d_430,val,720,1280,m05,True,0.0,False,0.0,199,362,467,720,True,True
val_d_430_t9p0,d_430,val,720,1280,m10,True,0.0,False,0.0,187,346,479,736,True,True
val_d_430_t9p0,d_430,val,720,1280,m15,True,0.0,False,0.0,175,330,491,752,True,True
val_n_196_t9p0,n_196,val,720,1280,raw,False,0.0,False,0.0,196,630,356,853,True,False
val_n_196_t9p0,n_196,val,720,1280,m05,True,0.0,False,0.0,188,618,364,865,True,True
val_n_196_t9p0,n_196,val,720,1280,m10,True,0.0,False,0.0,180,607,372,876,True,True
val_n_196_t9p0,n_196,val,720,1280,m15,True,0.0,False,0.0,172,596,380,887,True,True
train_d_75_t1p0,d_75,train,720,1280,raw,False,0.0,False,0.0,83,210,382,641,True,False
train_d_75_t1p0,d_75,train,720,1280,m05,True,0.0,False,0.0,68,188,397,663,True,True
train_d_75_t1p0,d_75,train,720,1280,m10,True,0.0,False,0.0,53,166,412,685,True,True
train_d_75_t1p0,d_75,train,720,1280,m15,True,0.0,False,0.0,38,145,427,706,True,True
train_n_889_t1p0,n_889,train,720,1280,raw,False,0.0,False,0.0,250,327,485,664,True,False
train_n_889_t1p0,n_889,train,720,1280,m05,True,0.0,False,0.0,238,310,497,681,True,True
train_n_889_t1p0,n_889,train,720,1280,m10,True,0.0,False,0.0,226,293,509,698,True,True
train_n_889_t1p0,n_889,train,720,1280,m15,True,0.0,False,0.0,214,276,521,715,True,True
val_d_430_t1p0,d_430,val,720,1280,raw,False,0.0,False,0.0,257,384,505,689,True,False
val_d_430_t1p0,d_430,val,720,1280,m05,True,0.0,False,0.0,244,368,518,705,True,True
val_d_430_t1p0,d_430,val,720,1280,m10,True,0.0,False,0.0,232,353,530,720,True,True
val_d_430_t1p0,d_430,val,720,1280,m15,True,0.0,False,0.0,219,338,543,735,True,True
val_n_196_t1p0,n_196,val,720,1280,raw,False,0.0,False,0.0,219,623,374,844,True,False
val_n_196_t1p0,n_196,val,720,1280,m05,True,0.0,False,0.0,211,611,382,856,True,True
val_n_196_t1p0,n_196,val,720,1280,m10,True,0.0,False,0.0,203,600,390,867,True,True
val_n_196_t1p0,n_196,val,720,1280,m15,True,0.0,False,0.0,195,589,398,878,True,True
train_d_75_t3p0,d_75,train,720,1280,raw,False,0.0,False,0.0,223,274,487,654,True,False
train_d_75_t3p0,d_75,train,720,1280,m05,True,0.0,False,0.0,209,255,501,673,True,True
train_d_75_t3p0,d_75,train,720,1280,m10,True,0.0,False,0.0,196,236,514,692,True,True
train_d_75_t3p0,d_75,train,720,1280,m15,True,0.0,False,0.0,183,217,527,711,True,True
train_n_889_t3p0,n_889,train,720,1280,raw,False,0.0,False,0.0,240,328,474,670,True,False
train_n_889_t3p0,n_889,train,720,1280,m05,True,0.0,False,0.0,228,310,486,688,True,True
train_n_889_t3p0,n_889,train,720,1280,m10,True,0.0,False,0.0,216,293,498,705,True,True
train_n_889_t3p0,n_889,train,720,1280,m15,True,0.0,False,0.0,204,276,510,722,True,True
val_d_430_t3p0,d_430,val,720,1280,raw,False,0.0,False,0.0,233,367,487,676,True,False
val_d_430_t3p0,d_430,val,720,1280,m05,True,0.0,False,0.0,220,351,500,692,True,True
val_d_430_t3p0,d_430,val,720,1280,m10,True,0.0,False,0.0,207,336,513,707,True,True
val_d_430_t3p0,d_430,val,720,1280,m15,True,0.0,False,0.0,194,320,526,723,True,True
val_n_196_t3p0,n_196,val,720,1280,raw,False,0.0,False,0.0,200,623,356,839,True,False
val_n_196_t3p0,n_196,val,720,1280,m05,True,0.0,False,0.0,192,612,364,850,True,True
val_n_196_t3p0,n_196,val,720,1280,m10,True,0.0,False,0.0,184,601,372,861,True,True
val_n_196_t3p0,n_196,val,720,1280,m15,True,0.0,False,0.0,176,590,380,872,True,True
