sample_id,video_id,split,label,timestamp_sec,source_frame_index,frame_width,frame_height,yunet_bbox_x1,yunet_bbox_y1,yunet_bbox_x2,yunet_bbox_y2,yunet_bbox_width,yunet_bbox_height,yunet_bbox_aspect_ratio,raw_crop_width,raw_crop_height,raw_distortion_ratio,raw_padding_left,raw_padding_top,raw_padding_right,raw_padding_bottom,raw_padding_fraction,raw_padding_required,raw_face_area_fraction,square0_x1,square0_y1,square0_x2,square0_y2,square0_side,square0_padding_left,square0_padding_top,square0_padding_right,square0_padding_bottom,square0_padding_fraction,square0_padding_required,square0_face_area_fraction,square0_face_width_fraction,square0_face_height_fraction,square10_x1,square10_y1,square10_x2,square10_y2,square10_side,square10_padding_left,square10_padding_top,square10_padding_right,square10_padding_bottom,square10_padding_fraction,square10_padding_required,square10_face_area_fraction,square10_face_width_fraction,square10_face_height_fraction,square20_x1,square20_y1,square20_x2,square20_y2,square20_side,square20_padding_left,square20_padding_top,square20_padding_right,square20_padding_bottom,square20_padding_fraction,square20_padding_required,square20_face_area_fraction,square20_face_width_fraction,square20_face_height_fraction
train_d_438_t1p0,d_438,train,drowsy,1.0,30,720,1280,323,283,576,609,253,326,0.7760736196319018,253,326,1.2885375494071147,0,0,0,0,0.0,False,1.0,286,283,612,609,326,0,0,0,0,0.0,False,0.7760736196319018,0.7760736196319018,1.0,253,250,645,642,392,0,0,0,0,0.0,False,0.5367425031236984,0.6454081632653061,0.8316326530612245,221,217,678,674,457,0,0,0,0,0.0,False,0.3949169016849494,0.5536105032822757,0.7133479212253829
train_n_908_t1p0,n_908,train,not_drowsy,1.0,30,720,1280,202,246,426,581,224,335,0.6686567164179105,224,335,1.4955357142857142,0,0,0,0,0.0,False,1.0,146,246,481,581,335,0,0,0,0,0.0,False,0.6686567164179105,0.6686567164179105,1.0,113,212,515,614,402,0,0,0,0,0.0,False,0.46434494195688225,0.5572139303482587,0.8333333333333334,79,179,548,648,469,0,0,0,0,0.0,False,0.3411513859275053,0.47761194029850745,0.7142857142857143
val_d_796_t1p0,d_796,val,drowsy,1.0,30,720,1280,202,264,499,669,297,405,0.7333333333333333,297,405,1.3636363636363635,0,0,0,0,0.0,False,1.0,148,264,553,669,405,0,0,0,0,0.0,False,0.7333333333333333,0.7333333333333333,1.0,107,223,593,709,486,0,0,0,0,0.0,False,0.5092592592592593,0.6111111111111112,0.8333333333333334,67,183,634,750,567,0,0,0,0,0.0,False,0.3741496598639456,0.5238095238095238,0.7142857142857143
train_d_438_t3p0,d_438,train,drowsy,3.0,90,720,1280,328,283,591,617,263,334,0.7874251497005988,263,334,1.2699619771863118,0,0,0,0,0.0,False,1.0,292,283,626,617,334,0,0,0,0,0.0,False,0.7874251497005988,0.7874251497005988,1.0,259,249,660,650,401,0,0,0,0,0.0,False,0.546277697278002,0.655860349127182,0.8329177057356608,225,216,693,684,468,0,0,0,0,0.0,False,0.4010610709328658,0.561965811965812,0.7136752136752137
train_n_908_t3p0,n_908,train,not_drowsy,3.0,90,720,1280,202,255,445,590,243,335,0.7253731343283583,243,335,1.3786008230452675,0,0,0,0,0.0,False,1.0,156,255,491,590,335,0,0,0,0,0.0,False,0.7253731343283583,0.7253731343283583,1.0,122,221,524,623,402,0,0,0,0,0.0,False,0.503731343283582,0.6044776119402985,0.8333333333333334,89,188,558,657,469,0,0,0,0,0.0,False,0.3700883338409991,0.5181236673773987,0.7142857142857143
val_d_796_t3p0,d_796,val,drowsy,3.0,90,720,1280,200,257,494,672,294,415,0.708433734939759,294,415,1.41156462585034,0,0,0,0,0.0,False,1.0,139,257,554,672,415,0,0,0,0,0.0,False,0.708433734939759,0.708433734939759,1.0,98,215,596,713,498,0,0,0,0,0.0,False,0.4919678714859438,0.5903614457831325,0.8333333333333334,56,174,637,755,581,0,0,0,0,0.0,False,0.3614457831325301,0.5060240963855421,0.7142857142857143
val_n_835_t3p0,n_835,val,not_drowsy,3.0,90,720,1280,258,640,442,883,184,243,0.757201646090535,184,243,1.3206521739130435,0,0,0,0,0.0,False,1.0,228,640,471,883,243,0,0,0,0,0.0,False,0.757201646090535,0.757201646090535,1.0,204,615,496,907,292,0,0,0,0,0.0,False,0.5243948207918934,0.6301369863013698,0.8321917808219178,179,591,520,932,341,0,0,0,0,0.0,False,0.38451681702083745,0.5395894428152492,0.7126099706744868
train_d_438_t5p0,d_438,train,drowsy,5.0,150,720,1280,332,274,590,611,258,337,0.7655786350148368,258,337,1.306201550387597,0,0,0,0,0.0,False,1.0,292,274,629,611,337,0,0,0,0,0.0,False,0.7655786350148368,0.7655786350148368,1.0,258,240,663,645,405,0,0,0,0,0.0,False,0.5300777320530407,0.6370370370370371,0.8320987654320988,225,206,697,678,472,0,0,0,0,0.0,False,0.39027039643780526,0.5466101694915254,0.7139830508474576
train_n_908_t5p0,n_908,train,not_drowsy,5.0,150,720,1280,191,240,425,599,234,359,0.6518105849582173,234,359,1.5341880341880343,0,0,0,0,0.0,False,1.0,128,240,487,599,359,0,0,0,0,0.0,False,0.6518105849582173,0.6518105849582173,1.0,92,204,523,635,431,0,0,0,0,0.0,False,0.4522262477053849,0.54292343387471,0.8329466357308585,56,168,559,671,503,0,0,0,0,0.0,False,0.332027714429131,0.46520874751491054,0.7137176938369781
val_d_796_t5p0,d_796,val,drowsy,5.0,150,720,1280,230,270,527,679,297,409,0.726161369193154,297,409,1.3771043771043772,0,0,0,0,0.0,False,1.0,174,270,583,679,409,0,0,0,0,0.0,False,0.726161369193154,0.726161369193154,1.0,133,229,624,720,491,0,0,0,0,0.0,False,0.5038679945744376,0.604887983706721,0.8329938900203666,92,188,665,761,573,0,0,0,0,0.0,False,0.36997341081658947,0.518324607329843,0.7137870855148342
val_n_835_t5p0,n_835,val,not_drowsy,5.0,150,720,1280,263,644,443,890,180,246,0.7317073170731707,180,246,1.3666666666666667,0,0,0,0,0.0,False,1.0,230,644,476,890,246,0,0,0,0,0.0,False,0.7317073170731707,0.7317073170731707,1.0,205,619,501,915,296,0,0,0,0,0.0,False,0.5053871439006574,0.6081081081081081,0.831081081081081,180,594,525,939,345,0,0,0,0,0.0,False,0.3720226843100189,0.5217391304347826,0.7130434782608696
train_d_438_t7p0,d_438,train,drowsy,7.0,210,720,1280,324,286,574,608,250,322,0.7763975155279503,250,322,1.288,0,0,0,0,0.0,False,1.0,288,286,610,608,322,0,0,0,0,0.0,False,0.7763975155279503,0.7763975155279503,1.0,255,253,642,640,387,0,0,0,0,0.0,False,0.5374944080550714,0.6459948320413437,0.8320413436692506,223,221,674,672,451,0,0,0,0,0.0,False,0.39576993230121776,0.5543237250554324,0.7139689578713969
train_n_908_t7p0,n_908,train,not_drowsy,7.0,210,720,1280,195,246,441,604,246,358,0.6871508379888268,246,358,1.4552845528455285,0,0,0,0,0.0,False,1.0,139,246,497,604,358,0,0,0,0,0.0,False,0.6871508379888268,0.6871508379888268,1.0,103,210,533,640,430,0,0,0,0,0.0,False,0.4763007030827474,0.5720930232558139,0.8325581395348837,67,174,569,676,502,0,0,0,0,0.0,False,0.34947064332312183,0.4900398406374502,0.7131474103585658
val_d_796_t7p0,d_796,val,drowsy,7.0,210,720,1280,228,273,526,680,298,407,0.7321867321867321,298,407,1.3657718120805369,0,0,0,0,0.0,False,1.0,173,273,580,680,407,0,0,0,0,0.0,False,0.7321867321867321,0.7321867321867321,1.0,132,232,621,721,489,0,0,0,0,0.0,False,0.5072160119771998,0.6094069529652352,0.8323108384458078,92,191,662,761,570,0,0,0,0,0.0,False,0.3733025546321945,0.5228070175438596,0.7140350877192982
val_n_835_t7p0,n_835,val,not_drowsy,7.0,210,720,1280,266,646,450,903,184,257,0.7159533073929961,184,257,1.3967391304347827,0,0,0,0,0.0,False,1.0,229,646,486,903,257,0,0,0,0,0.0,False,0.7159533073929961,0.7159533073929961,1.0,203,620,512,929,309,0,0,0,0,0.0,False,0.49526083723463304,0.5954692556634305,0.8317152103559871,178,594,538,954,360,0,0,0,0,0.0,False,0.36487654320987656,0.5111111111111111,0.7138888888888889
train_d_438_t9p0,d_438,train,drowsy,9.0,270,720,1280,331,287,582,617,251,330,0.7606060606060606,251,330,1.3147410358565736,0,0,0,0,0.0,False,1.0,291,287,621,617,330,0,0,0,0,0.0,False,0.7606060606060606,0.7606060606060606,1.0,258,254,654,650,396,0,0,0,0,0.0,False,0.5281986531986532,0.6338383838383839,0.8333333333333334,225,221,687,683,462,0,0,0,0,0.0,False,0.3880643166357452,0.5432900432900433,0.7142857142857143
train_n_908_t9p0,n_908,train,not_drowsy,9.0,270,720,1280,180,249,418,602,238,353,0.6742209631728046,238,353,1.4831932773109244,0,0,0,0,0.0,False,1.0,122,249,475,602,353,0,0,0,0,0.0,False,0.6742209631728046,0.6742209631728046,1.0,87,213,511,637,424,0,0,0,0,0.0,False,0.4673260056959772,0.5613207547169812,0.8325471698113207,51,178,546,673,495,0,0,0,0,0.0,False,0.3428792980308132,0.4808080808080808,0.7131313131313132
val_d_796_t9p0,d_796,val,drowsy,9.0,270,720,1280,227,268,518,676,291,408,0.7132352941176471,291,408,1.402061855670103,0,0,0,0,0.0,False,1.0,168,268,576,676,408,0,0,0,0,0.0,False,0.7132352941176471,0.7132352941176471,1.0,127,227,617,717,490,0,0,0,0,0.0,False,0.494493960849646,0.5938775510204082,0.8326530612244898,86,186,658,758,572,0,0,0,0,0.0,False,0.36287838036089787,0.5087412587412588,0.7132867132867133
val_n_835_t9p0,n_835,val,not_drowsy,9.0,270,720,1280,254,636,444,885,190,249,0.7630522088353414,190,249,1.3105263157894738,0,0,0,0,0.0,False,1.0,224,636,473,885,249,0,0,0,0,0.0,False,0.7630522088353414,0.7630522088353414,1.0,199,611,498,910,299,0,0,0,0,0.0,False,0.5291887115356652,0.6354515050167224,0.8327759197324415,174,586,523,935,349,0,0,0,0,0.0,False,0.38842045631809263,0.5444126074498568,0.7134670487106017
train_d_5_t3p0,d_5,train,drowsy,3.0,90,720,1280,289,462,567,879,278,417,0.6666666666666666,278,417,1.5,0,0,0,0,0.0,False,1.0,219,462,636,879,417,0,0,0,0,0.0,False,0.6666666666666666,0.6666666666666666,1.0,177,420,678,921,501,0,0,0,0,0.0,False,0.4618547336464795,0.5548902195608783,0.8323353293413174,136,378,720,962,584,0,0,0,0,0.0,False,0.33990312441358606,0.476027397260274,0.714041095890411
train_n_290_t3p0,n_290,train,not_drowsy,3.0,90,720,1280,285,599,466,845,181,246,0.7357723577235772,181,246,1.3591160220994476,0,0,0,0,0.0,False,1.0,252,599,498,845,246,0,0,0,0,0.0,False,0.7357723577235772,0.7357723577235772,1.0,227,574,523,870,296,0,0,0,0,0.0,False,0.508194850255661,0.6114864864864865,0.831081081081081,203,549,548,894,345,0,0,0,0,0.0,False,0.3740894770006301,0.5246376811594203,0.7130434782608696
val_d_396_t3p0,d_396,val,drowsy,3.0,90,720,1280,220,389,465,703,245,314,0.7802547770700637,245,314,1.2816326530612245,0,0,0,0,0.0,False,1.0,185,389,499,703,314,0,0,0,0,0.0,False,0.7802547770700637,0.7802547770700637,1.0,154,357,531,734,377,0,0,0,0,0.0,False,0.5412688473147633,0.649867374005305,0.8328912466843501,122,326,562,766,440,0,0,0,0,0.0,False,0.39736570247933883,0.5568181818181818,0.7136363636363636
val_n_241_t3p0,n_241,val,not_drowsy,3.0,90,720,1280,342,327,565,632,223,305,0.7311475409836066,223,305,1.3677130044843049,0,0,0,0,0.0,False,1.0,301,327,606,632,305,0,0,0,0,0.0,False,0.7311475409836066,0.7311475409836066,1.0,270,296,636,662,366,0,0,0,0,0.0,False,0.5077413479052824,0.6092896174863388,0.8333333333333334,240,266,667,693,427,0,0,0,0,0.0,False,0.3730344596855136,0.522248243559719,0.7142857142857143
train_d_5_t5p0,d_5,train,drowsy,5.0,150,720,1280,320,474,596,877,276,403,0.684863523573201,276,403,1.460144927536232,0,0,0,0,0.0,False,1.0,256,474,659,877,403,0,0,0,0,0.0,False,0.684863523573201,0.684863523573201,1.0,216,433,700,917,484,0,0,0,0,0.0,False,0.47481387883341303,0.5702479338842975,0.8326446280991735,175,393,740,958,565,0,0,20,0,0.03539823008849563,True,0.3484313571932023,0.48849557522123893,0.7132743362831858
train_n_290_t5p0,n_290,train,not_drowsy,5.0,150,720,1280,347,615,535,883,188,268,0.7014925373134329,188,268,1.425531914893617,0,0,0,0,0.0,False,1.0,307,615,575,883,268,0,0,0,0,0.0,False,0.7014925373134329,0.7014925373134329,1.0,280,588,602,910,322,0,0,0,0,0.0,False,0.4859380425137919,0.5838509316770186,0.8322981366459627,253,561,629,937,376,0,0,0,0,0.0,False,0.35638297872340424,0.5,0.7127659574468085
val_d_396_t5p0,d_396,val,drowsy,5.0,150,720,1280,205,394,448,727,243,333,0.7297297297297297,243,333,1.3703703703703705,0,0,0,0,0.0,False,1.0,160,394,493,727,333,0,0,0,0,0.0,False,0.7297297297297297,0.7297297297297297,1.0,126,360,526,760,400,0,0,0,0,0.0,False,0.50574375,0.6075,0.8325,93,327,560,794,467,0,0,0,0,0.0,False,0.3710365951515207,0.5203426124197003,0.7130620985010707
val_n_241_t5p0,n_241,val,not_drowsy,5.0,150,720,1280,341,323,573,630,232,307,0.755700325732899,232,307,1.3232758620689655,0,0,0,0,0.0,False,1.0,303,323,610,630,307,0,0,0,0,0.0,False,0.755700325732899,0.755700325732899,1.0,272,292,641,661,369,0,0,0,0,0.0,False,0.523086640080493,0.6287262872628726,0.8319783197831978,242,261,672,691,430,0,0,0,0,0.0,False,0.38520281233098974,0.5395348837209303,0.713953488372093
train_d_5_t7p0,d_5,train,drowsy,7.0,210,720,1280,302,470,575,881,273,411,0.6642335766423357,273,411,1.5054945054945055,0,0,0,0,0.0,False,1.0,233,470,644,881,411,0,0,0,0,0.0,False,0.6642335766423357,0.6642335766423357,1.0,191,428,685,922,494,0,0,0,0,0.0,False,0.4597805241849563,0.5526315789473685,0.8319838056680162,150,387,726,963,576,0,0,6,0,0.01041666666666663,True,0.3381890190972222,0.4739583333333333,0.7135416666666666
train_n_290_t7p0,n_290,train,not_drowsy,7.0,210,720,1280,331,608,515,870,184,262,0.7022900763358778,184,262,1.423913043478261,0,0,0,0,0.0,False,1.0,292,608,554,870,262,0,0,0,0,0.0,False,0.7022900763358778,0.7022900763358778,1.0,265,581,580,896,315,0,0,0,0,0.0,False,0.4858453010833963,0.5841269841269842,0.8317460317460318,239,555,606,922,367,0,0,0,0,0.0,False,0.35792083986071616,0.5013623978201635,0.7138964577656676
val_d_396_t7p0,d_396,val,drowsy,7.0,210,720,1280,217,382,461,702,244,320,0.7625,244,320,1.3114754098360655,0,0,0,0,0.0,False,1.0,179,382,499,702,320,0,0,0,0,0.0,False,0.7625,0.7625,1.0,147,350,531,734,384,0,0,0,0,0.0,False,0.5295138888888888,0.6354166666666666,0.8333333333333334,115,318,563,766,448,0,0,0,0,0.0,False,0.38903061224489793,0.5446428571428571,0.7142857142857143
val_n_241_t7p0,n_241,val,not_drowsy,7.0,210,720,1280,330,325,546,630,216,305,0.7081967213114754,216,305,1.412037037037037,0,0,0,0,0.0,False,1.0,285,325,590,630,305,0,0,0,0,0.0,False,0.7081967213114754,0.7081967213114754,1.0,255,294,621,660,366,0,0,0,0,0.0,False,0.4918032786885246,0.5901639344262295,0.8333333333333334,224,264,651,691,427,0,0,0,0,0.0,False,0.36132485781197726,0.5058548009367682,0.7142857142857143
train_d_5_t9p0,d_5,train,drowsy,9.0,270,720,1280,301,457,569,858,268,401,0.6683291770573566,268,401,1.4962686567164178,0,0,0,0,0.0,False,1.0,234,457,635,858,401,0,0,0,0,0.0,False,0.6683291770573566,0.6683291770573566,1.0,194,416,676,898,482,0,0,0,0,0.0,False,0.46257812365489576,0.5560165975103735,0.8319502074688797,154,376,716,938,562,0,0,0,0,0.0,False,0.34025658236344525,0.47686832740213525,0.7135231316725978
train_n_290_t9p0,n_290,train,not_drowsy,9.0,270,720,1280,284,601,471,862,187,261,0.7164750957854407,187,261,1.3957219251336899,0,0,0,0,0.0,False,1.0,247,601,508,862,261,0,0,0,0,0.0,False,0.7164750957854407,0.7164750957854407,1.0,220,574,534,888,314,0,0,0,0,0.0,False,0.4950200819505862,0.5955414012738853,0.8312101910828026,194,548,560,914,366,0,0,0,0,0.0,False,0.3643509809191078,0.5109289617486339,0.7131147540983607
val_d_396_t9p0,d_396,val,drowsy,9.0,270,720,1280,226,379,470,688,244,309,0.7896440129449838,244,309,1.2663934426229508,0,0,0,0,0.0,False,1.0,193,379,502,688,309,0,0,0,0,0.0,False,0.7896440129449838,0.7896440129449838,1.0,162,348,533,719,371,0,0,0,0,0.0,False,0.547772829316846,0.6576819407008087,0.8328840970350404,131,317,564,750,433,0,0,0,0,0.0,False,0.40213559195472803,0.5635103926096998,0.7136258660508084
val_n_241_t9p0,n_241,val,not_drowsy,9.0,270,720,1280,342,331,569,636,227,305,0.7442622950819672,227,305,1.3436123348017621,0,0,0,0,0.0,False,1.0,303,331,608,636,305,0,0,0,0,0.0,False,0.7442622950819672,0.7442622950819672,1.0,272,300,638,666,366,0,0,0,0,0.0,False,0.5168488160291439,0.6202185792349727,0.8333333333333334,242,270,669,697,427,0,0,0,0,0.0,False,0.3797256607561057,0.531615925058548,0.7142857142857143
train_d_5_t1p0,d_5,train,drowsy,1.0,30,720,1280,271,481,534,867,263,386,0.6813471502590673,263,386,1.467680608365019,0,0,0,0,0.0,False,1.0,209,481,595,867,386,0,0,0,0,0.0,False,0.6813471502590673,0.6813471502590673,1.0,170,442,634,906,464,0,0,0,0,0.0,False,0.47152757134363854,0.5668103448275862,0.8318965517241379,132,403,673,944,541,0,0,0,0,0.0,False,0.34685545013171337,0.48613678373382624,0.7134935304990758
train_n_290_t1p0,n_290,train,not_drowsy,1.0,30,720,1280,278,600,461,869,183,269,0.6802973977695167,183,269,1.469945355191257,0,0,0,0,0.0,False,1.0,235,600,504,869,269,0,0,0,0,0.0,False,0.6802973977695167,0.6802973977695167,1.0,208,573,531,896,323,0,0,0,0,0.0,False,0.471843878499746,0.56656346749226,0.8328173374613003,181,546,558,923,377,0,0,0,0,0.0,False,0.34635436821479076,0.4854111405835544,0.713527851458886
val_d_396_t1p0,d_396,val,drowsy,1.0,30,720,1280,212,390,449,686,237,296,0.8006756756756757,237,296,1.248945147679325,0,0,0,0,0.0,False,1.0,182,390,478,686,296,0,0,0,0,0.0,False,0.8006756756756757,0.8006756756756757,1.0,152,360,508,716,356,0,0,0,0,0.0,False,0.5535285948743845,0.6657303370786517,0.8314606741573034,123,330,538,745,415,0,0,0,0,0.0,False,0.4073276237480041,0.5710843373493976,0.7132530120481928
val_n_241_t1p0,n_241,val,not_drowsy,1.0,30,720,1280,346,321,564,633,218,312,0.6987179487179487,218,312,1.4311926605504588,0,0,0,0,0.0,False,1.0,299,321,611,633,312,0,0,0,0,0.0,False,0.6987179487179487,0.6987179487179487,1.0,267,289,642,664,375,0,0,0,0,0.0,False,0.48366933333333334,0.5813333333333334,0.832,236,258,673,695,437,0,0,0,0,0.0,False,0.3561625185239489,0.4988558352402746,0.7139588100686499
train_d_25_t5p0,d_25,train,drowsy,5.0,150,720,1280,260,504,530,901,270,397,0.6801007556675063,270,397,1.4703703703703703,0,0,0,0,0.0,False,1.0,196,504,593,901,397,0,0,0,0,0.0,False,0.6801007556675063,0.6801007556675063,1.0,156,464,633,941,477,0,0,0,0,0.0,False,0.47110478224753766,0.5660377358490566,0.8322851153039832,117,424,673,980,556,0,0,0,0,0.0,False,0.3467405931370012,0.4856115107913669,0.7140287769784173
train_n_461_t5p0,n_461,train,not_drowsy,5.0,125,720,1280,256,378,464,699,208,321,0.6479750778816199,208,321,1.5432692307692308,0,0,0,0,0.0,False,1.0,199,378,520,699,321,0,0,0,0,0.0,False,0.6479750778816199,0.6479750778816199,1.0,167,345,553,731,386,0,0,0,0,0.0,False,0.4481194126016806,0.538860103626943,0.8316062176165803,135,313,585,763,450,0,0,0,0,0.0,False,0.3297185185185185,0.4622222222222222,0.7133333333333334
val_d_44_t5p0,d_44,val,drowsy,5.0,150,720,1280,224,323,471,714,247,391,0.6317135549872123,247,391,1.582995951417004,0,0,0,0,0.0,False,1.0,152,323,543,714,391,0,0,0,0,0.0,False,0.6317135549872123,0.6317135549872123,1.0,112,283,582,753,470,0,0,0,0,0.0,False,0.4371978270710729,0.5255319148936171,0.8319148936170213,73,244,621,792,548,0,0,0,0,0.0,False,0.3215974479194416,0.45072992700729925,0.7135036496350365
val_n_996_t5p0,n_996,val,not_drowsy,5.0,150,720,1280,317,631,579,1019,262,388,0.6752577319587629,262,388,1.4809160305343512,0,0,0,0,0.0,False,1.0,254,631,642,1019,388,0,0,0,0,0.0,False,0.6752577319587629,0.6752577319587629,1.0,215,592,681,1058,466,0,0,0,0,0.0,False,0.46812429773987363,0.5622317596566524,0.8326180257510729,176,553,720,1097,544,0,0,0,0,0.0,False,0.34350670415224915,0.48161764705882354,0.7132352941176471
train_d_25_t7p0,d_25,train,drowsy,7.0,210,720,1280,268,516,542,905,274,389,0.7043701799485861,274,389,1.4197080291970803,0,0,0,0,0.0,False,1.0,210,516,599,905,389,0,0,0,0,0.0,False,0.7043701799485861,0.7043701799485861,1.0,171,477,638,944,467,0,0,0,0,0.0,False,0.48872707931165715,0.5867237687366167,0.8329764453961456,132,438,677,983,545,0,0,0,0,0.0,False,0.3588452150492383,0.5027522935779817,0.7137614678899082
train_n_461_t7p0,n_461,train,not_drowsy,7.0,175,720,1280,253,376,454,696,201,320,0.628125,201,320,1.592039800995025,0,0,0,0,0.0,False,1.0,193,376,513,696,320,0,0,0,0,0.0,False,0.628125,0.628125,1.0,161,344,545,728,384,0,0,0,0,0.0,False,0.4361979166666667,0.5234375,0.8333333333333334,129,312,577,760,448,0,0,0,0,0.0,False,0.3204719387755102,0.4486607142857143,0.7142857142857143
val_d_44_t7p0,d_44,val,drowsy,7.0,210,720,1280,226,329,465,718,239,389,0.6143958868894601,239,389,1.6276150627615062,0,0,0,0,0.0,False,1.0,151,329,540,718,389,0,0,0,0,0.0,False,0.6143958868894601,0.6143958868894601,1.0,112,290,579,757,467,0,0,0,0,0.0,False,0.42629843779374477,0.5117773019271948,0.8329764453961456,73,251,618,796,545,0,0,0,0,0.0,False,0.31300732261594144,0.43853211009174314,0.7137614678899082
val_n_996_t7p0,n_996,val,not_drowsy,7.0,210,720,1280,322,632,584,1008,262,376,0.6968085106382979,262,376,1.4351145038167938,0,0,0,0,0.0,False,1.0,265,632,641,1008,376,0,0,0,0,0.0,False,0.6968085106382979,0.6968085106382979,1.0,227,594,679,1046,452,0,0,0,0,0.0,False,0.4821834129532461,0.5796460176991151,0.831858407079646,189,556,716,1083,527,0,0,0,0,0.0,False,0.3547054862833914,0.4971537001897533,0.713472485768501
train_d_25_t9p0,d_25,train,drowsy,9.0,270,720,1280,243,518,510,885,267,367,0.7275204359673024,267,367,1.3745318352059925,0,0,0,0,0.0,False,1.0,193,518,560,885,367,0,0,0,0,0.0,False,0.7275204359673024,0.7275204359673024,1.0,156,481,597,922,441,0,0,0,0,0.0,False,0.5038487050148858,0.6054421768707483,0.8321995464852607,119,444,633,958,514,0,0,0,0,0.0,False,0.3708950930369877,0.519455252918288,0.7140077821011673
train_n_461_t9p0,n_461,train,not_drowsy,9.0,225,720,1280,247,365,455,687,208,322,0.6459627329192547,208,322,1.5480769230769231,0,0,0,0,0.0,False,1.0,190,365,512,687,322,0,0,0,0,0.0,False,0.6459627329192547,0.6459627329192547,1.0,157,332,544,719,387,0,0,0,0,0.0,False,0.4471953475018195,0.537467700258398,0.8320413436692506,125,300,576,751,451,0,0,0,0,0.0,False,0.3292805836746132,0.4611973392461197,0.7139689578713969
val_d_44_t9p0,d_44,val,drowsy,9.0,270,720,1280,221,303,466,697,245,394,0.6218274111675127,245,394,1.6081632653061224,0,0,0,0,0.0,False,1.0,146,303,540,697,394,0,0,0,0,0.0,False,0.6218274111675127,0.6218274111675127,1.0,107,263,580,736,473,0,0,0,0,0.0,False,0.43145948893527436,0.5179704016913319,0.8329809725158562,67,224,619,776,552,0,0,0,0,0.0,False,0.31679925435832806,0.4438405797101449,0.7137681159420289
val_n_996_t9p0,n_996,val,not_drowsy,9.0,270,720,1280,306,638,568,994,262,356,0.7359550561797753,262,356,1.3587786259541985,0,0,0,0,0.0,False,1.0,259,638,615,994,356,0,0,0,0,0.0,False,0.7359550561797753,0.7359550561797753,1.0,223,602,651,1030,428,0,0,0,0,0.0,False,0.5091711066468687,0.6121495327102804,0.8317757009345794,187,566,686,1065,499,0,0,0,0,0.0,False,0.3745848410247348,0.5250501002004008,0.7134268537074149
train_d_25_t1p0,d_25,train,drowsy,1.0,30,720,1280,254,530,520,903,266,373,0.7131367292225201,266,373,1.4022556390977443,0,0,0,0,0.0,False,1.0,200,530,573,903,373,0,0,0,0,0.0,False,0.7131367292225201,0.7131367292225201,1.0,163,492,611,940,448,0,0,0,0,0.0,False,0.49434988839285715,0.59375,0.8325892857142857,125,455,648,978,523,0,0,0,0,0.0,False,0.36273301916798584,0.5086042065009561,0.7131931166347992
train_n_461_t1p0,n_461,train,not_drowsy,1.0,25,720,1280,243,368,454,698,211,330,0.6393939393939394,211,330,1.5639810426540284,0,0,0,0,0.0,False,1.0,183,368,513,698,330,0,0,0,0,0.0,False,0.6393939393939394,0.6393939393939394,1.0,150,335,546,731,396,0,0,0,0,0.0,False,0.44402356902356904,0.5328282828282829,0.8333333333333334,117,302,579,764,462,0,0,0,0,0.0,False,0.3262213976499691,0.45670995670995673,0.7142857142857143
val_d_44_t1p0,d_44,val,drowsy,1.0,30,720,1280,217,310,471,721,254,411,0.6180048661800487,254,411,1.6181102362204725,0,0,0,0,0.0,False,1.0,138,310,549,721,411,0,0,0,0,0.0,False,0.6180048661800487,0.6180048661800487,1.0,97,268,591,762,494,0,0,0,0,0.0,False,0.42778114704387876,0.5141700404858299,0.8319838056680162,56,227,632,803,576,0,0,0,0,0.0,False,0.31465205439814814,0.4409722222222222,0.7135416666666666
train_d_25_t3p0,d_25,train,drowsy,3.0,90,720,1280,271,498,535,881,264,383,0.6892950391644909,264,383,1.4507575757575757,0,0,0,0,0.0,False,1.0,211,498,594,881,383,0,0,0,0,0.0,False,0.6892950391644909,0.6892950391644909,1.0,173,459,633,919,460,0,0,0,0,0.0,False,0.4778449905482042,0.5739130434782609,0.8326086956521739,134,421,671,958,537,0,0,0,0,0.0,False,0.3506340834139592,0.49162011173184356,0.7132216014897579
train_n_461_t3p0,n_461,train,not_drowsy,3.0,75,720,1280,258,376,468,706,210,330,0.6363636363636364,210,330,1.5714285714285714,0,0,0,0,0.0,False,1.0,198,376,528,706,330,0,0,0,0,0.0,False,0.6363636363636364,0.6363636363636364,1.0,165,343,561,739,396,0,0,0,0,0.0,False,0.44191919191919193,0.5303030303030303,0.8333333333333334,132,310,594,772,462,0,0,0,0,0.0,False,0.3246753246753247,0.45454545454545453,0.7142857142857143
val_d_44_t3p0,d_44,val,drowsy,3.0,90,720,1280,223,323,472,713,249,390,0.6384615384615384,249,390,1.5662650602409638,0,0,0,0,0.0,False,1.0,152,323,542,713,390,0,0,0,0,0.0,False,0.6384615384615384,0.6384615384615384,1.0,113,284,581,752,468,0,0,0,0,0.0,False,0.44337606837606836,0.532051282051282,0.8333333333333334,74,245,620,791,546,0,0,0,0,0.0,False,0.32574568288854006,0.45604395604395603,0.7142857142857143
val_n_996_t3p0,n_996,val,not_drowsy,3.0,90,720,1280,331,628,581,1014,250,386,0.6476683937823834,250,386,1.544,0,0,0,0,0.0,False,1.0,263,628,649,1014,386,0,0,0,0,0.0,False,0.6476683937823834,0.6476683937823834,1.0,224,589,688,1053,464,0,0,0,0,0.0,False,0.4482201248513674,0.5387931034482759,0.8318965517241379,185,550,726,1091,541,0,0,6,0,0.011090573012939031,True,0.3297105039274842,0.46210720887245843,0.7134935304990758
train_d_737_t7p0,d_737,train,drowsy,7.0,175,720,1280,250,612,466,927,216,315,0.6857142857142857,216,315,1.4583333333333333,0,0,0,0,0.0,False,1.0,200,612,515,927,315,0,0,0,0,0.0,False,0.6857142857142857,0.6857142857142857,1.0,169,580,547,958,378,0,0,0,0,0.0,False,0.47619047619047616,0.5714285714285714,0.8333333333333334,137,549,578,990,441,0,0,0,0,0.0,False,0.3498542274052478,0.4897959183673469,0.7142857142857143
train_n_883_t7p0,n_883,train,not_drowsy,7.0,210,720,1280,243,617,425,900,182,283,0.6431095406360424,182,283,1.554945054945055,0,0,0,0,0.0,False,1.0,192,617,475,900,283,0,0,0,0,0.0,False,0.6431095406360424,0.6431095406360424,1.0,164,588,504,928,340,0,0,0,0,0.0,False,0.4455536332179931,0.5352941176470588,0.8323529411764706,135,560,532,957,397,0,0,0,0,0.0,False,0.3267960586007144,0.45843828715365237,0.7128463476070529
val_d_609_t7p0,d_609,val,drowsy,7.0,210,720,1280,350,411,520,660,170,249,0.6827309236947792,170,249,1.464705882352941,0,0,0,0,0.0,False,1.0,310,411,559,660,249,0,0,0,0,0.0,False,0.6827309236947792,0.6827309236947792,1.0,285,386,584,685,299,0,0,0,0,0.0,False,0.4734846366371741,0.568561872909699,0.8327759197324415,260,361,609,710,349,0,0,0,0,0.0,False,0.3475340924951355,0.4871060171919771,0.7134670487106017
val_n_640_t7p0,n_640,val,not_drowsy,7.0,210,720,1280,296,368,491,661,195,293,0.6655290102389079,195,293,1.5025641025641026,0,0,0,0,0.0,False,1.0,247,368,540,661,293,0,0,0,0,0.0,False,0.6655290102389079,0.6655290102389079,1.0,217,338,569,690,352,0,0,0,0,0.0,False,0.4611231275826446,0.5539772727272727,0.8323863636363636,188,309,599,720,411,0,0,0,0,0.0,False,0.3382350329443941,0.4744525547445255,0.7128953771289538
train_d_737_t9p0,d_737,train,drowsy,9.0,225,720,1280,202,610,444,944,242,334,0.7245508982035929,242,334,1.3801652892561984,0,0,0,0,0.0,False,1.0,156,610,490,944,334,0,0,0,0,0.0,False,0.7245508982035929,0.7245508982035929,1.0,122,576,523,977,401,0,0,0,0,0.0,False,0.5026585655561844,0.6034912718204489,0.8329177057356608,89,543,557,1011,468,0,0,0,0,0.0,False,0.36903718313974726,0.5170940170940171,0.7136752136752137
train_n_883_t9p0,n_883,train,not_drowsy,9.0,270,720,1280,231,623,417,892,186,269,0.6914498141263941,186,269,1.446236559139785,0,0,0,0,0.0,False,1.0,189,623,458,892,269,0,0,0,0,0.0,False,0.6914498141263941,0.6914498141263941,1.0,162,596,485,919,323,0,0,0,0,0.0,False,0.47957902404892216,0.5758513931888545,0.8328173374613003,135,569,512,946,377,0,0,0,0,0.0,False,0.3520323086773283,0.493368700265252,0.713527851458886
val_d_609_t9p0,d_609,val,drowsy,9.0,270,720,1280,350,409,521,657,171,248,0.6895161290322581,171,248,1.4502923976608186,0,0,0,0,0.0,False,1.0,311,409,559,657,248,0,0,0,0,0.0,False,0.6895161290322581,0.6895161290322581,1.0,286,384,584,682,298,0,0,0,0,0.0,False,0.47754605648394216,0.5738255033557047,0.8322147651006712,261,359,609,707,348,0,0,0,0,0.0,False,0.3501783590963139,0.49137931034482757,0.7126436781609196
val_n_640_t9p0,n_640,val,not_drowsy,9.0,270,720,1280,254,374,455,659,201,285,0.7052631578947368,201,285,1.4179104477611941,0,0,0,0,0.0,False,1.0,212,374,497,659,285,0,0,0,0,0.0,False,0.7052631578947368,0.7052631578947368,1.0,183,345,525,687,342,0,0,0,0,0.0,False,0.489766081871345,0.5877192982456141,0.8333333333333334,155,317,554,716,399,0,0,0,0,0.0,False,0.359828141783029,0.5037593984962406,0.7142857142857143
train_d_737_t1p0,d_737,train,drowsy,1.0,25,720,1280,237,609,452,922,215,313,0.6869009584664537,215,313,1.455813953488372,0,0,0,0,0.0,False,1.0,188,609,501,922,313,0,0,0,0,0.0,False,0.6869009584664537,0.6869009584664537,1.0,156,577,532,953,376,0,0,0,0,0.0,False,0.4760001697600724,0.5718085106382979,0.8324468085106383,125,546,564,985,439,0,0,0,0,0.0,False,0.3491835347471215,0.489749430523918,0.7129840546697038
train_n_883_t1p0,n_883,train,not_drowsy,1.0,30,720,1280,218,628,414,895,196,267,0.7340823970037453,196,267,1.3622448979591837,0,0,0,0,0.0,False,1.0,182,628,449,895,267,0,0,0,0,0.0,False,0.7340823970037453,0.7340823970037453,1.0,155,601,476,922,321,0,0,0,0,0.0,False,0.5078755058665968,0.6105919003115264,0.8317757009345794,129,574,503,948,374,0,0,0,0,0.0,False,0.37413137350224485,0.5240641711229946,0.713903743315508
val_d_609_t1p0,d_609,val,drowsy,1.0,30,720,1280,355,418,521,663,166,245,0.6775510204081633,166,245,1.4759036144578312,0,0,0,0,0.0,False,1.0,315,418,560,663,245,0,0,0,0,0.0,False,0.6775510204081633,0.6775510204081633,1.0,291,393,585,687,294,0,0,0,0,0.0,False,0.47052154195011336,0.564625850340136,0.8333333333333334,266,369,609,712,343,0,0,0,0,0.0,False,0.3456892961266139,0.4839650145772595,0.7142857142857143
val_n_640_t1p0,n_640,val,not_drowsy,1.0,30,720,1280,242,358,443,657,201,299,0.6722408026755853,201,299,1.4875621890547264,0,0,0,0,0.0,False,1.0,193,358,492,657,299,0,0,0,0,0.0,False,0.6722408026755853,0.6722408026755853,1.0,163,328,522,687,359,0,0,0,0,0.0,False,0.466313886453395,0.5598885793871866,0.8328690807799443,133,298,552,717,419,0,0,0,0,0.0,False,0.3423254595268881,0.4797136038186158,0.7136038186157518
train_d_737_t3p0,d_737,train,drowsy,3.0,75,720,1280,213,623,437,925,224,302,0.7417218543046358,224,302,1.3482142857142858,0,0,0,0,0.0,False,1.0,174,623,476,925,302,0,0,0,0,0.0,False,0.7417218543046358,0.7417218543046358,1.0,143,592,506,955,363,0,0,0,0,0.0,False,0.5133832692059589,0.6170798898071626,0.8319559228650137,113,562,536,985,423,0,0,0,0,0.0,False,0.378071749129543,0.5295508274231678,0.7139479905437353
train_n_883_t3p0,n_883,train,not_drowsy,3.0,90,720,1280,228,629,416,900,188,271,0.6937269372693727,188,271,1.4414893617021276,0,0,0,0,0.0,False,1.0,186,629,457,900,271,0,0,0,0,0.0,False,0.6937269372693727,0.6937269372693727,1.0,159,601,485,927,326,0,0,0,0,0.0,False,0.4793932778802364,0.5766871165644172,0.8312883435582822,132,574,512,954,380,0,0,0,0,0.0,False,0.35282548476454295,0.49473684210526314,0.7131578947368421
val_d_609_t3p0,d_609,val,drowsy,3.0,90,720,1280,349,410,524,667,175,257,0.6809338521400778,175,257,1.4685714285714286,0,0,0,0,0.0,False,1.0,308,410,565,667,257,0,0,0,0,0.0,False,0.6809338521400778,0.6809338521400778,1.0,282,384,591,693,309,0,0,0,0,0.0,False,0.47103612236989556,0.5663430420711975,0.8317152103559871,256,358,616,718,360,0,0,0,0,0.0,False,0.3470293209876543,0.4861111111111111,0.7138888888888889
val_n_640_t3p0,n_640,val,not_drowsy,3.0,90,720,1280,273,362,483,654,210,292,0.7191780821917808,210,292,1.3904761904761904,0,0,0,0,0.0,False,1.0,232,362,524,654,292,0,0,0,0,0.0,False,0.7191780821917808,0.7191780821917808,1.0,202,332,553,683,351,0,0,0,0,0.0,False,0.4977232327659678,0.5982905982905983,0.8319088319088319,173,303,582,712,409,0,0,0,0,0.0,False,0.36656882730256274,0.5134474327628362,0.7139364303178484
train_d_737_t5p0,d_737,train,drowsy,5.0,125,720,1280,245,609,469,928,224,319,0.7021943573667712,224,319,1.4241071428571428,0,0,0,0,0.0,False,1.0,197,609,516,928,319,0,0,0,0,0.0,False,0.7021943573667712,0.7021943573667712,1.0,165,577,548,960,383,0,0,0,0,0.0,False,0.48712582402225113,0.5848563968668408,0.8328981723237598,133,545,580,992,447,0,0,0,0,0.0,False,0.3576215285597746,0.5011185682326622,0.7136465324384788
train_n_883_t5p0,n_883,train,not_drowsy,5.0,150,720,1280,228,628,415,899,187,271,0.6900369003690037,187,271,1.4491978609625669,0,0,0,0,0.0,False,1.0,186,628,457,899,271,0,0,0,0,0.0,False,0.6900369003690037,0.6900369003690037,1.0,158,600,484,926,326,0,0,0,0,0.0,False,0.47684331363619253,0.5736196319018405,0.8312883435582822,131,573,511,953,380,0,0,0,0,0.0,False,0.3509487534626039,0.4921052631578947,0.7131578947368421
val_d_609_t5p0,d_609,val,drowsy,5.0,150,720,1280,352,414,518,654,166,240,0.6916666666666667,166,240,1.4457831325301205,0,0,0,0,0.0,False,1.0,315,414,555,654,240,0,0,0,0,0.0,False,0.6916666666666667,0.6916666666666667,1.0,291,390,579,678,288,0,0,0,0,0.0,False,0.48032407407407407,0.5763888888888888,0.8333333333333334,267,366,603,702,336,0,0,0,0,0.0,False,0.352891156462585,0.49404761904761907,0.7142857142857143
val_n_640_t5p0,n_640,val,not_drowsy,5.0,150,720,1280,284,374,488,672,204,298,0.6845637583892618,204,298,1.4607843137254901,0,0,0,0,0.0,False,1.0,237,374,535,672,298,0,0,0,0,0.0,False,0.6845637583892618,0.6845637583892618,1.0,207,344,565,702,358,0,0,0,0,0.0,False,0.47432976498860835,0.5698324022346368,0.8324022346368715,177,314,595,732,418,0,0,0,0,0.0,False,0.3479315949726426,0.4880382775119617,0.7129186602870813
train_d_620_t9p0,d_620,train,drowsy,9.0,270,720,1280,346,418,516,664,170,246,0.6910569105691057,170,246,1.4470588235294117,0,0,0,0,0.0,False,1.0,308,418,554,664,246,0,0,0,0,0.0,False,0.6910569105691057,0.6910569105691057,1.0,283,393,579,689,296,0,0,0,0,0.0,False,0.4773100803506209,0.5743243243243243,0.831081081081081,258,368,603,713,345,0,0,0,0,0.0,False,0.35135475740390676,0.4927536231884058,0.7130434782608696
train_n_153_t9p0,n_153,train,not_drowsy,9.0,225,720,1280,224,617,384,847,160,230,0.6956521739130435,160,230,1.4375,0,0,0,0,0.0,False,1.0,189,617,419,847,230,0,0,0,0,0.0,False,0.6956521739130435,0.6956521739130435,1.0,166,594,442,870,276,0,0,0,0,0.0,False,0.4830917874396135,0.5797101449275363,0.8333333333333334,143,571,465,893,322,0,0,0,0,0.0,False,0.354924578527063,0.4968944099378882,0.7142857142857143
val_d_852_t9p0,d_852,val,drowsy,9.0,270,720,1280,302,643,562,1032,260,389,0.6683804627249358,260,389,1.4961538461538462,0,0,0,0,0.0,False,1.0,237,643,626,1032,389,0,0,0,0,0.0,False,0.6683804627249358,0.6683804627249358,1.0,198,604,665,1071,467,0,0,0,0,0.0,False,0.4637556227044922,0.556745182012848,0.8329764453961456,159,565,704,1110,545,0,0,0,0,0.0,False,0.34051005807591955,0.47706422018348627,0.7137614678899082
val_n_658_t9p0,n_658,val,not_drowsy,9.0,270,720,1280,201,394,407,684,206,290,0.7103448275862069,206,290,1.4077669902912622,0,0,0,0,0.0,False,1.0,159,394,449,684,290,0,0,0,0,0.0,False,0.7103448275862069,0.7103448275862069,1.0,130,365,478,713,348,0,0,0,0,0.0,False,0.4932950191570881,0.5919540229885057,0.8333333333333334,101,336,507,742,406,0,0,0,0,0.0,False,0.362420830401126,0.5073891625615764,0.7142857142857143
train_d_620_t1p0,d_620,train,drowsy,1.0,30,720,1280,357,415,523,672,166,257,0.6459143968871596,166,257,1.5481927710843373,0,0,0,0,0.0,False,1.0,311,415,568,672,257,0,0,0,0,0.0,False,0.6459143968871596,0.6459143968871596,1.0,285,389,594,698,309,0,0,0,0,0.0,False,0.4468114075051581,0.5372168284789643,0.8317152103559871,260,363,620,723,360,0,0,0,0,0.0,False,0.3291820987654321,0.46111111111111114,0.7138888888888889
train_n_153_t1p0,n_153,train,not_drowsy,1.0,25,720,1280,223,613,380,836,157,223,0.7040358744394619,157,223,1.4203821656050954,0,0,0,0,0.0,False,1.0,190,613,413,836,223,0,0,0,0,0.0,False,0.7040358744394619,0.7040358744394619,1.0,167,590,435,858,268,0,0,0,0,0.0,False,0.48745544664736024,0.585820895522388,0.832089552238806,145,568,458,881,313,0,0,0,0,0.0,False,0.3573681470669293,0.5015974440894568,0.7124600638977636
val_d_852_t1p0,d_852,val,drowsy,1.0,30,720,1280,307,656,565,1021,258,365,0.7068493150684931,258,365,1.4147286821705427,0,0,0,0,0.0,False,1.0,253,656,618,1021,365,0,0,0,0,0.0,False,0.7068493150684931,0.7068493150684931,1.0,217,619,655,1057,438,0,0,0,0,0.0,False,0.4908675799086758,0.589041095890411,0.8333333333333334,180,583,691,1094,511,0,0,0,0,0.0,False,0.3606374056471904,0.5048923679060665,0.7142857142857143
val_n_658_t1p0,n_658,val,not_drowsy,1.0,30,720,1280,197,395,417,691,220,296,0.7432432432432432,220,296,1.3454545454545455,0,0,0,0,0.0,False,1.0,159,395,455,691,296,0,0,0,0,0.0,False,0.7432432432432432,0.7432432432432432,1.0,129,365,485,721,356,0,0,0,0,0.0,False,0.5138240121196819,0.6179775280898876,0.8314606741573034,99,335,514,750,415,0,0,0,0,0.0,False,0.3781100304833793,0.5301204819277109,0.7132530120481928
train_d_620_t3p0,d_620,train,drowsy,3.0,90,720,1280,340,416,517,665,177,249,0.7108433734939759,177,249,1.4067796610169492,0,0,0,0,0.0,False,1.0,304,416,553,665,249,0,0,0,0,0.0,False,0.7108433734939759,0.7108433734939759,1.0,279,391,578,690,299,0,0,0,0,0.0,False,0.49298106285164595,0.5919732441471572,0.8327759197324415,254,366,603,715,349,0,0,0,0,0.0,False,0.3618443198331705,0.5071633237822349,0.7134670487106017
train_n_153_t3p0,n_153,train,not_drowsy,3.0,75,720,1280,210,612,369,839,159,227,0.7004405286343612,159,227,1.4276729559748427,0,0,0,0,0.0,False,1.0,176,612,403,839,227,0,0,0,0,0.0,False,0.7004405286343612,0.7004405286343612,1.0,153,589,426,862,273,0,0,0,0,0.0,False,0.4842812864790887,0.5824175824175825,0.8315018315018315,130,566,448,884,318,0,0,0,0,0.0,False,0.35691823899371067,0.5,0.7138364779874213
val_d_852_t3p0,d_852,val,drowsy,3.0,90,720,1280,323,659,577,1036,254,377,0.6737400530503979,254,377,1.484251968503937,0,0,0,0,0.0,False,1.0,261,659,638,1036,377,0,0,0,0,0.0,False,0.6737400530503979,0.6737400530503979,1.0,223,621,676,1074,453,0,0,0,0,0.0,False,0.46663645356685135,0.5607064017660044,0.8322295805739515,186,583,714,1111,528,0,0,0,0,0.0,False,0.34348456152433426,0.4810606060606061,0.7140151515151515
val_n_658_t3p0,n_658,val,not_drowsy,3.0,90,720,1280,206,385,437,689,231,304,0.7598684210526315,231,304,1.316017316017316,0,0,0,0,0.0,False,1.0,169,385,473,689,304,0,0,0,0,0.0,False,0.7598684210526315,0.7598684210526315,1.0,139,354,504,719,365,0,0,0,0,0.0,False,0.5271082754738224,0.6328767123287671,0.8328767123287671,108,324,534,750,426,0,0,0,0,0.0,False,0.3869602592078291,0.5422535211267606,0.7136150234741784
train_d_620_t5p0,d_620,train,drowsy,5.0,150,720,1280,335,410,513,662,178,252,0.7063492063492064,178,252,1.4157303370786516,0,0,0,0,0.0,False,1.0,298,410,550,662,252,0,0,0,0,0.0,False,0.7063492063492064,0.7063492063492064,1.0,272,384,575,687,303,0,0,0,0,0.0,False,0.48857955102440936,0.5874587458745875,0.8316831683168316,247,359,600,712,353,0,0,0,0,0.0,False,0.359973998667833,0.5042492917847026,0.7138810198300283
train_n_153_t5p0,n_153,train,not_drowsy,5.0,125,720,1280,222,612,382,844,160,232,0.6896551724137931,160,232,1.45,0,0,0,0,0.0,False,1.0,186,612,418,844,232,0,0,0,0,0.0,False,0.6896551724137931,0.6896551724137931,1.0,162,588,441,867,279,0,0,0,0,0.0,False,0.47686951606479877,0.5734767025089605,0.8315412186379928,139,565,464,890,325,0,0,0,0,0.0,False,0.35143195266272187,0.49230769230769234,0.7138461538461538
val_d_852_t5p0,d_852,val,drowsy,5.0,150,720,1280,305,654,559,1020,254,366,0.6939890710382514,254,366,1.4409448818897639,0,0,0,0,0.0,False,1.0,249,654,615,1020,366,0,0,0,0,0.0,False,0.6939890710382514,0.6939890710382514,1.0,212,617,652,1057,440,0,0,0,0,0.0,False,0.48018595041322315,0.5772727272727273,0.8318181818181818,175,580,688,1093,513,0,0,0,0,0.0,False,0.3532482929220387,0.4951267056530214,0.7134502923976608
val_n_658_t5p0,n_658,val,not_drowsy,5.0,150,720,1280,195,394,399,680,204,286,0.7132867132867133,204,286,1.4019607843137254,0,0,0,0,0.0,False,1.0,154,394,440,680,286,0,0,0,0,0.0,False,0.7132867132867133,0.7132867132867133,1.0,125,365,469,709,344,0,0,0,0,0.0,False,0.49303677663601947,0.5930232558139535,0.8313953488372093,96,336,497,737,401,0,0,0,0,0.0,False,0.3628335644678827,0.5087281795511222,0.713216957605985
train_d_620_t7p0,d_620,train,drowsy,7.0,210,720,1280,344,412,517,665,173,253,0.6837944664031621,173,253,1.4624277456647399,0,0,0,0,0.0,False,1.0,304,412,557,665,253,0,0,0,0,0.0,False,0.6837944664031621,0.6837944664031621,1.0,278,386,582,690,304,0,0,0,0,0.0,False,0.473608466066482,0.569078947368421,0.8322368421052632,253,361,608,716,355,0,0,0,0,0.0,False,0.3473041063281095,0.48732394366197185,0.7126760563380282
train_n_153_t7p0,n_153,train,not_drowsy,7.0,175,720,1280,223,619,383,840,160,221,0.7239819004524887,160,221,1.38125,0,0,0,0,0.0,False,1.0,192,619,413,840,221,0,0,0,0,0.0,False,0.7239819004524887,0.7239819004524887,1.0,170,596,436,862,266,0,0,0,0,0.0,False,0.49974560461303635,0.6015037593984962,0.8308270676691729,148,574,458,884,310,0,0,0,0,0.0,False,0.36795005202913633,0.5161290322580645,0.7129032258064516
val_d_852_t7p0,d_852,val,drowsy,7.0,210,720,1280,310,649,565,1011,255,362,0.7044198895027625,255,362,1.419607843137255,0,0,0,0,0.0,False,1.0,256,649,618,1011,362,0,0,0,0,0.0,False,0.7044198895027625,0.7044198895027625,1.0,220,612,655,1047,435,0,0,0,0,0.0,False,0.48783194609591757,0.5862068965517241,0.832183908045977,184,576,691,1083,507,0,0,0,0,0.0,False,0.3591144100930173,0.5029585798816568,0.7140039447731755
val_n_658_t7p0,n_658,val,not_drowsy,7.0,210,720,1280,154,389,390,694,236,305,0.7737704918032787,236,305,1.2923728813559323,0,0,0,0,0.0,False,1.0,119,389,424,694,305,0,0,0,0,0.0,False,0.7737704918032787,0.7737704918032787,1.0,89,358,455,724,366,0,0,0,0,0.0,False,0.5373406193078324,0.644808743169399,0.8333333333333334,58,328,485,755,427,0,0,0,0,0.0,False,0.3947808631649381,0.5526932084309133,0.7142857142857143
train_d_936_t1p0,d_936,train,drowsy,1.0,30,720,1280,226,580,465,878,239,298,0.802013422818792,239,298,1.2468619246861925,0,0,0,0,0.0,False,1.0,196,580,494,878,298,0,0,0,0,0.0,False,0.802013422818792,0.802013422818792,1.0,166,550,524,908,358,0,0,0,0,0.0,False,0.5557098717268499,0.6675977653631285,0.8324022346368715,136,520,554,938,418,0,0,0,0,0.0,False,0.4076257411689293,0.5717703349282297,0.7129186602870813
train_n_474_t1p0,n_474,train,not_drowsy,1.0,25,720,1280,209,381,434,730,225,349,0.6446991404011462,225,349,1.551111111111111,0,0,0,0,0.0,False,1.0,147,381,496,730,349,0,0,0,0,0.0,False,0.6446991404011462,0.6446991404011462,1.0,112,346,531,765,419,0,0,0,0,0.0,False,0.447280432442285,0.5369928400954654,0.8329355608591885,77,311,566,800,489,0,0,0,0,0.0,False,0.3283902292144981,0.4601226993865031,0.7137014314928425
val_d_280_t1p0,d_280,val,drowsy,1.0,30,720,1280,303,598,482,853,179,255,0.7019607843137254,179,255,1.4245810055865922,0,0,0,0,0.0,False,1.0,265,598,520,853,255,0,0,0,0,0.0,False,0.7019607843137254,0.7019607843137254,1.0,239,572,545,878,306,0,0,0,0,0.0,False,0.4874727668845316,0.5849673202614379,0.8333333333333334,214,547,571,904,357,0,0,0,0,0.0,False,0.3581432573029212,0.5014005602240896,0.7142857142857143
val_n_1002_t1p0,n_1002,val,not_drowsy,1.0,30,720,1280,238,576,471,878,233,302,0.7715231788079471,233,302,1.296137339055794,0,0,0,0,0.0,False,1.0,203,576,505,878,302,0,0,0,0,0.0,False,0.7715231788079471,0.7715231788079471,1.0,173,545,536,908,363,0,0,0,0,0.0,False,0.5340102755579841,0.6418732782369146,0.8319559228650137,143,515,566,938,423,0,0,0,0,0.0,False,0.39326213190706927,0.5508274231678487,0.7139479905437353
train_d_936_t3p0,d_936,train,drowsy,3.0,90,720,1280,200,580,449,896,249,316,0.7879746835443038,249,316,1.2690763052208835,0,0,0,0,0.0,False,1.0,166,580,482,896,316,0,0,0,0,0.0,False,0.7879746835443038,0.7879746835443038,1.0,134,548,514,928,380,0,0,0,0,0.0,False,0.5449030470914128,0.6552631578947369,0.8315789473684211,103,516,546,959,443,0,0,0,0,0.0,False,0.4009396226222809,0.5620767494356659,0.7133182844243793
train_n_474_t3p0,n_474,train,not_drowsy,3.0,75,720,1280,230,378,447,702,217,324,0.6697530864197531,217,324,1.4930875576036866,0,0,0,0,0.0,False,1.0,176,378,500,702,324,0,0,0,0,0.0,False,0.6697530864197531,0.6697530864197531,1.0,144,345,533,734,389,0,0,0,0,0.0,False,0.4646281745428592,0.5578406169665809,0.8329048843187661,111,313,565,767,454,0,0,0,0,0.0,False,0.3411088901395331,0.4779735682819383,0.7136563876651982
val_d_280_t3p0,d_280,val,drowsy,3.0,90,720,1280,278,629,466,888,188,259,0.7258687258687259,188,259,1.377659574468085,0,0,0,0,0.0,False,1.0,242,629,501,888,259,0,0,0,0,0.0,False,0.7258687258687259,0.7258687258687259,1.0,216,603,527,914,311,0,0,0,0,0.0,False,0.503427383918694,0.6045016077170418,0.8327974276527331,190,577,553,940,363,0,0,0,0,0.0,False,0.36952545742928916,0.5179063360881543,0.7134986225895317
val_n_1002_t3p0,n_1002,val,not_drowsy,3.0,90,720,1280,259,574,474,870,215,296,0.7263513513513513,215,296,1.3767441860465117,0,0,0,0,0.0,False,1.0,218,574,514,870,296,0,0,0,0,0.0,False,0.7263513513513513,0.7263513513513513,1.0,188,544,544,900,356,0,0,0,0,0.0,False,0.5021461936624163,0.6039325842696629,0.8314606741573034,159,514,574,929,415,0,0,0,0,0.0,False,0.3695166206996661,0.5180722891566265,0.7132530120481928
train_d_936_t5p0,d_936,train,drowsy,5.0,150,720,1280,238,577,477,879,239,302,0.7913907284768212,239,302,1.2635983263598327,0,0,0,0,0.0,False,1.0,206,577,508,879,302,0,0,0,0,0.0,False,0.7913907284768212,0.7913907284768212,1.0,176,546,539,909,363,0,0,0,0,0.0,False,0.5477616131260008,0.6584022038567493,0.8319559228650137,146,516,569,939,423,0,0,0,0,0.0,False,0.40338905375875345,0.5650118203309693,0.7139479905437353
train_n_474_t5p0,n_474,train,not_drowsy,5.0,125,720,1280,229,377,445,706,216,329,0.6565349544072948,216,329,1.5231481481481481,0,0,0,0,0.0,False,1.0,172,377,501,706,329,0,0,0,0,0.0,False,0.6565349544072948,0.6565349544072948,1.0,139,344,534,739,395,0,0,0,0,0.0,False,0.4554654702771992,0.5468354430379747,0.8329113924050633,106,311,567,772,461,0,0,0,0,0.0,False,0.33438577834661043,0.4685466377440347,0.7136659436008677
val_d_280_t5p0,d_280,val,drowsy,5.0,150,720,1280,305,600,483,851,178,251,0.7091633466135459,178,251,1.4101123595505618,0,0,0,0,0.0,False,1.0,268,600,519,851,251,0,0,0,0,0.0,False,0.7091633466135459,0.7091633466135459,1.0,243,574,545,876,302,0,0,0,0,0.0,False,0.48986886540064034,0.5894039735099338,0.8311258278145696,218,549,570,901,352,0,0,0,0,0.0,False,0.36058561466942146,0.5056818181818182,0.7130681818181818
val_n_1002_t5p0,n_1002,val,not_drowsy,5.0,150,720,1280,285,564,505,875,220,311,0.707395498392283,220,311,1.4136363636363636,0,0,0,0,0.0,False,1.0,239,564,550,875,311,0,0,0,0,0.0,False,0.707395498392283,0.707395498392283,1.0,208,532,582,906,374,0,0,0,0,0.0,False,0.48914753067002203,0.5882352941176471,0.8315508021390374,177,501,613,937,436,0,0,0,0,0.0,False,0.35992340712061277,0.5045871559633027,0.713302752293578
train_d_936_t7p0,d_936,train,drowsy,7.0,209,720,1280,256,578,489,873,233,295,0.7898305084745763,233,295,1.2660944206008584,0,0,0,0,0.0,False,1.0,225,578,520,873,295,0,0,0,0,0.0,False,0.7898305084745763,0.7898305084745763,1.0,195,548,549,902,354,0,0,0,0,0.0,False,0.5484934086629002,0.6581920903954802,0.8333333333333334,166,519,579,932,413,0,0,0,0,0.0,False,0.4029747492217226,0.5641646489104116,0.7142857142857143
train_n_474_t7p0,n_474,train,not_drowsy,7.0,175,720,1280,225,373,443,706,218,333,0.6546546546546547,218,333,1.5275229357798166,0,0,0,0,0.0,False,1.0,167,373,500,706,333,0,0,0,0,0.0,False,0.6546546546546547,0.6546546546546547,1.0,134,339,534,739,400,0,0,0,0,0.0,False,0.4537125,0.545,0.8325,100,306,567,773,467,0,0,0,0,0.0,False,0.3328641059384013,0.4668094218415418,0.7130620985010707
val_d_280_t7p0,d_280,val,drowsy,7.0,210,720,1280,313,591,485,826,172,235,0.7319148936170212,172,235,1.3662790697674418,0,0,0,0,0.0,False,1.0,281,591,516,826,235,0,0,0,0,0.0,False,0.7319148936170212,0.7319148936170212,1.0,258,567,540,849,282,0,0,0,0,0.0,False,0.508274231678487,0.6099290780141844,0.8333333333333334,234,544,563,873,329,0,0,0,0,0.0,False,0.3734259661311333,0.5227963525835866,0.7142857142857143
val_n_1002_t7p0,n_1002,val,not_drowsy,7.0,209,720,1280,284,567,495,871,211,304,0.694078947368421,211,304,1.4407582938388626,0,0,0,0,0.0,False,1.0,237,567,541,871,304,0,0,0,0,0.0,False,0.694078947368421,0.694078947368421,1.0,207,536,572,901,365,0,0,0,0,0.0,False,0.4814711953462188,0.5780821917808219,0.8328767123287671,176,506,602,932,426,0,0,0,0,0.0,False,0.35345720646256257,0.4953051643192488,0.7136150234741784
train_d_936_t9p0,d_936,train,drowsy,9.0,269,720,1280,287,557,503,870,216,313,0.6900958466453674,216,313,1.4490740740740742,0,0,0,0,0.0,False,1.0,238,557,551,870,313,0,0,0,0,0.0,False,0.6900958466453674,0.6900958466453674,1.0,207,525,583,901,376,0,0,0,0,0.0,False,0.47821412403802627,0.574468085106383,0.8324468085106383,175,494,614,933,439,0,0,0,0,0.0,False,0.3508076442110616,0.4920273348519362,0.7129840546697038
train_n_474_t9p0,n_474,train,not_drowsy,9.0,225,720,1280,245,386,454,708,209,322,0.6490683229813664,209,322,1.5406698564593302,0,0,0,0,0.0,False,1.0,188,386,510,708,322,0,0,0,0,0.0,False,0.6490683229813664,0.6490683229813664,1.0,156,353,543,740,387,0,0,0,0,0.0,False,0.44934532513403974,0.5400516795865633,0.8320413436692506,124,321,575,772,451,0,0,0,0,0.0,False,0.33086366340381806,0.4634146341463415,0.7139689578713969
val_d_280_t9p0,d_280,val,drowsy,9.0,270,720,1280,329,591,509,834,180,243,0.7407407407407407,180,243,1.35,0,0,0,0,0.0,False,1.0,297,591,540,834,243,0,0,0,0,0.0,False,0.7407407407407407,0.7407407407407407,1.0,273,566,565,858,292,0,0,0,0,0.0,False,0.512994933383374,0.6164383561643836,0.8321917808219178,248,542,589,883,341,0,0,0,0,0.0,False,0.37615775578125404,0.5278592375366569,0.7126099706744868
val_n_1002_t9p0,n_1002,val,not_drowsy,9.0,269,720,1280,260,569,479,872,219,303,0.7227722772277227,219,303,1.3835616438356164,0,0,0,0,0.0,False,1.0,218,569,521,872,303,0,0,0,0,0.0,False,0.7227722772277227,0.7227722772277227,1.0,187,538,551,902,364,0,0,0,0,0.0,False,0.5008226663446443,0.6016483516483516,0.8324175824175825,157,508,582,933,425,0,0,0,0,0.0,False,0.3673743944636678,0.5152941176470588,0.7129411764705882
train_d_488_t3p0,d_488,train,drowsy,3.0,75,720,1280,267,318,477,633,210,315,0.6666666666666666,210,315,1.5,0,0,0,0,0.0,False,1.0,214,318,529,633,315,0,0,0,0,0.0,False,0.6666666666666666,0.6666666666666666,1.0,183,286,561,664,378,0,0,0,0,0.0,False,0.46296296296296297,0.5555555555555556,0.8333333333333334,151,255,592,696,441,0,0,0,0,0.0,False,0.3401360544217687,0.47619047619047616,0.7142857142857143
train_n_278_t3p0,n_278,train,not_drowsy,3.0,90,720,1280,263,596,444,857,181,261,0.6934865900383141,181,261,1.441988950276243,0,0,0,0,0.0,False,1.0,223,596,484,857,261,0,0,0,0,0.0,False,0.6934865900383141,0.6934865900383141,1.0,196,569,510,883,314,0,0,0,0,0.0,False,0.4791370846687492,0.5764331210191083,0.8312101910828026,170,543,536,909,366,0,0,0,0,0.0,False,0.3526605751142166,0.49453551912568305,0.7131147540983607
val_d_682_t3p0,d_682,val,drowsy,3.0,90,720,1280,312,464,498,751,186,287,0.6480836236933798,186,287,1.543010752688172,0,0,0,0,0.0,False,1.0,261,464,548,751,287,0,0,0,0,0.0,False,0.6480836236933798,0.6480836236933798,1.0,232,435,577,780,345,0,0,0,0,0.0,False,0.4484940138626339,0.5391304347826087,0.8318840579710145,204,406,606,808,402,0,0,0,0,0.0,False,0.3303259820301478,0.4626865671641791,0.7139303482587065
val_n_378_t3p0,n_378,val,not_drowsy,3.0,90,720,1280,210,271,475,668,265,397,0.6675062972292192,265,397,1.4981132075471697,0,0,0,0,0.0,False,1.0,144,271,541,668,397,0,0,0,0,0.0,False,0.6675062972292192,0.6675062972292192,1.0,104,231,581,708,477,0,0,0,0,0.0,False,0.462380619613324,0.5555555555555556,0.8322851153039832,64,191,620,747,556,0,0,0,0,0.0,False,0.34031947104187155,0.4766187050359712,0.7140287769784173
train_d_488_t5p0,d_488,train,drowsy,5.0,125,720,1280,259,318,469,635,210,317,0.6624605678233438,210,317,1.5095238095238095,0,0,0,0,0.0,False,1.0,205,318,522,635,317,0,0,0,0,0.0,False,0.6624605678233438,0.6624605678233438,1.0,173,286,554,667,381,0,0,0,0,0.0,False,0.4585942505218344,0.5511811023622047,0.8320209973753281,142,254,586,698,444,0,0,0,0,0.0,False,0.3376856586316046,0.47297297297297297,0.713963963963964
train_n_278_t5p0,n_278,train,not_drowsy,5.0,150,720,1280,255,607,444,846,189,239,0.7907949790794979,189,239,1.2645502645502646,0,0,0,0,0.0,False,1.0,230,607,469,846,239,0,0,0,0,0.0,False,0.7907949790794979,0.7907949790794979,1.0,206,583,493,870,287,0,0,0,0,0.0,False,0.5483980623778363,0.6585365853658537,0.8327526132404182,182,559,517,894,335,0,0,0,0,0.0,False,0.402503898418356,0.564179104477612,0.7134328358208956
val_d_682_t5p0,d_682,val,drowsy,5.0,150,720,1280,307,451,487,735,180,284,0.6338028169014085,180,284,1.5777777777777777,0,0,0,0,0.0,False,1.0,255,451,539,735,284,0,0,0,0,0.0,False,0.6338028169014085,0.6338028169014085,1.0,226,422,567,763,341,0,0,0,0,0.0,False,0.439624702229943,0.5278592375366569,0.8328445747800587,198,394,596,792,398,0,0,0,0,0.0,False,0.3227191232544633,0.45226130653266333,0.7135678391959799
val_n_378_t5p0,n_378,val,not_drowsy,5.0,150,720,1280,208,274,480,683,272,409,0.6650366748166259,272,409,1.5036764705882353,0,0,0,0,0.0,False,1.0,139,274,548,683,409,0,0,0,0,0.0,False,0.6650366748166259,0.6650366748166259,1.0,98,233,589,724,491,0,0,0,0,0.0,False,0.4614548637180035,0.5539714867617108,0.8329938900203666,57,192,630,765,573,0,0,0,0,0.0,False,0.33883086781856003,0.47469458987783597,0.7137870855148342
train_d_488_t7p0,d_488,train,drowsy,7.0,175,720,1280,256,322,467,648,211,326,0.647239263803681,211,326,1.5450236966824644,0,0,0,0,0.0,False,1.0,198,322,524,648,326,0,0,0,0,0.0,False,0.647239263803681,0.647239263803681,1.0,165,289,557,681,392,0,0,0,0,0.0,False,0.4476390045814244,0.5382653061224489,0.8316326530612245,133,256,590,713,457,0,0,0,0,0.0,False,0.3293575741325072,0.4617067833698031,0.7133479212253829
train_n_278_t7p0,n_278,train,not_drowsy,7.0,210,720,1280,258,610,447,862,189,252,0.75,189,252,1.3333333333333333,0,0,0,0,0.0,False,1.0,226,610,478,862,252,0,0,0,0,0.0,False,0.75,0.75,1.0,201,584,504,887,303,0,0,0,0,0.0,False,0.5187726693461425,0.6237623762376238,0.8316831683168316,176,559,529,912,353,0,0,0,0,0.0,False,0.382219582855171,0.5354107648725213,0.7138810198300283
val_d_682_t7p0,d_682,val,drowsy,7.0,210,720,1280,303,453,488,737,185,284,0.6514084507042254,185,284,1.5351351351351352,0,0,0,0,0.0,False,1.0,253,453,537,737,284,0,0,0,0,0.0,False,0.6514084507042254,0.6514084507042254,1.0,225,424,566,765,341,0,0,0,0,0.0,False,0.4518364995141081,0.5425219941348973,0.8328445747800587,196,396,594,794,398,0,0,0,0,0.0,False,0.33168354334486505,0.4648241206030151,0.7135678391959799
val_n_378_t7p0,n_378,val,not_drowsy,7.0,210,720,1280,228,284,502,675,274,391,0.7007672634271099,274,391,1.427007299270073,0,0,0,0,0.0,False,1.0,169,284,560,675,391,0,0,0,0,0.0,False,0.7007672634271099,0.7007672634271099,1.0,130,244,600,714,470,0,0,0,0,0.0,False,0.4849886826618379,0.5829787234042553,0.8319148936170213,91,205,639,753,548,0,0,0,0,0.0,False,0.35675182481751827,0.5,0.7135036496350365
train_d_488_t9p0,d_488,train,drowsy,9.0,225,720,1280,256,315,465,639,209,324,0.6450617283950617,209,324,1.5502392344497609,0,0,0,0,0.0,False,1.0,198,315,522,639,324,0,0,0,0,0.0,False,0.6450617283950617,0.6450617283950617,1.0,166,282,555,671,389,0,0,0,0,0.0,False,0.4474990252509566,0.5372750642673522,0.8329048843187661,133,250,587,704,454,0,0,0,0,0.0,False,0.32853344718508026,0.460352422907489,0.7136563876651982
train_n_278_t9p0,n_278,train,not_drowsy,9.0,270,720,1280,292,616,481,874,189,258,0.7325581395348837,189,258,1.3650793650793651,0,0,0,0,0.0,False,1.0,257,616,515,874,258,0,0,0,0,0.0,False,0.7325581395348837,0.7325581395348837,1.0,231,590,541,900,310,0,0,0,0,0.0,False,0.5074089490114464,0.6096774193548387,0.832258064516129,205,564,567,926,362,0,0,0,0,0.0,False,0.37210402612862853,0.5220994475138122,0.712707182320442
val_d_682_t9p0,d_682,val,drowsy,9.0,270,720,1280,291,436,485,721,194,285,0.6807017543859649,194,285,1.4690721649484537,0,0,0,0,0.0,False,1.0,245,436,530,721,285,0,0,0,0,0.0,False,0.6807017543859649,0.6807017543859649,1.0,217,407,559,749,342,0,0,0,0,0.0,False,0.4727095516569201,0.5672514619883041,0.8333333333333334,188,379,587,778,399,0,0,0,0,0.0,False,0.347296813462227,0.48621553884711777,0.7142857142857143
val_n_378_t9p0,n_378,val,not_drowsy,9.0,270,720,1280,208,245,478,616,270,371,0.7277628032345014,270,371,1.374074074074074,0,0,0,0,0.0,False,1.0,157,245,528,616,371,0,0,0,0,0.0,False,0.7277628032345014,0.7277628032345014,1.0,120,207,566,653,446,0,0,0,0,0.0,False,0.5035794003498965,0.6053811659192825,0.8318385650224215,83,170,603,690,520,0,0,0,0,0.0,False,0.37045118343195266,0.5192307692307693,0.7134615384615385
train_d_488_t1p0,d_488,train,drowsy,1.0,25,720,1280,260,320,477,646,217,326,0.6656441717791411,217,326,1.5023041474654377,0,0,0,0,0.0,False,1.0,205,320,531,646,326,0,0,0,0,0.0,False,0.6656441717791411,0.6656441717791411,1.0,172,287,564,679,392,0,0,0,0,0.0,False,0.46036807580174927,0.5535714285714286,0.8316326530612245,140,254,597,711,457,0,0,0,0,0.0,False,0.33872319235428466,0.474835886214442,0.7133479212253829
train_n_278_t1p0,n_278,train,not_drowsy,1.0,30,720,1280,280,600,466,848,186,248,0.75,186,248,1.3333333333333333,0,0,0,0,0.0,False,1.0,249,600,497,848,248,0,0,0,0,0.0,False,0.75,0.75,1.0,224,575,522,873,298,0,0,0,0,0.0,False,0.5194360614386739,0.6241610738255033,0.8322147651006712,199,550,547,898,348,0,0,0,0,0.0,False,0.3808957590170432,0.5344827586206896,0.7126436781609196
val_d_682_t1p0,d_682,val,drowsy,1.0,30,720,1280,311,444,501,730,190,286,0.6643356643356644,190,286,1.5052631578947369,0,0,0,0,0.0,False,1.0,263,444,549,730,286,0,0,0,0,0.0,False,0.6643356643356644,0.6643356643356644,1.0,234,415,578,759,344,0,0,0,0,0.0,False,0.45920091941590047,0.5523255813953488,0.8313953488372093,205,386,606,787,401,0,0,0,0,0.0,False,0.3379332218083221,0.47381546134663344,0.713216957605985
val_n_378_t1p0,n_378,val,not_drowsy,1.0,30,720,1280,239,312,511,691,272,379,0.7176781002638523,272,379,1.3933823529411764,0,0,0,0,0.0,False,1.0,185,312,564,691,379,0,0,0,0,0.0,False,0.7176781002638523,0.7176781002638523,1.0,147,274,602,729,455,0,0,0,0,0.0,False,0.49794952300446804,0.5978021978021978,0.832967032967033,109,236,640,767,531,0,0,0,0,0.0,False,0.36561084689017276,0.512241054613936,0.7137476459510358
train_d_75_t5p0,d_75,train,drowsy,5.0,150,720,1280,163,226,447,658,284,432,0.6574074074074074,284,432,1.5211267605633803,0,0,0,0,0.0,False,1.0,89,226,521,658,432,0,0,0,0,0.0,False,0.6574074074074074,0.6574074074074074,1.0,45,182,564,701,519,0,0,0,0,0.0,False,0.45547796451602124,0.5472061657032755,0.8323699421965318,2,139,607,744,605,0,0,0,0,0.0,False,0.3351902192473192,0.46942148760330576,0.7140495867768595
train_n_889_t5p0,n_889,train,not_drowsy,5.0,150,720,1280,243,313,476,662,233,349,0.667621776504298,233,349,1.497854077253219,0,0,0,0,0.0,False,1.0,185,313,534,662,349,0,0,0,0,0.0,False,0.667621776504298,0.667621776504298,1.0,150,278,569,697,419,0,0,0,0,0.0,False,0.4631837367068996,0.5560859188544153,0.8329355608591885,115,243,604,732,489,0,0,0,0,0.0,False,0.3400663262532358,0.47648261758691207,0.7137014314928425
val_n_196_t5p0,n_196,val,not_drowsy,5.0,125,720,1280,215,617,373,841,158,224,0.7053571428571429,158,224,1.4177215189873418,0,0,0,0,0.0,False,1.0,182,617,406,841,224,0,0,0,0,0.0,False,0.7053571428571429,0.7053571428571429,1.0,159,594,428,863,269,0,0,0,0,0.0,False,0.4891032462237946,0.587360594795539,0.8327137546468402,137,572,451,886,314,0,0,0,0,0.0,False,0.3589597955292304,0.5031847133757962,0.7133757961783439
train_d_75_t7p0,d_75,train,drowsy,7.0,210,720,1280,111,201,406,651,295,450,0.6555555555555556,295,450,1.5254237288135593,0,0,0,0,0.0,False,1.0,33,201,483,651,450,0,0,0,0,0.0,False,0.6555555555555556,0.6555555555555556,1.0,-12,156,528,696,540,12,0,0,0,0.022222222222222254,True,0.45524691358024694,0.5462962962962963,0.8333333333333334,-57,111,573,741,630,57,0,0,0,0.09047619047619049,True,0.3344671201814059,0.46825396825396826,0.7142857142857143
train_n_889_t7p0,n_889,train,not_drowsy,7.0,210,720,1280,237,302,477,639,240,337,0.712166172106825,240,337,1.4041666666666666,0,0,0,0,0.0,False,1.0,188,302,525,639,337,0,0,0,0,0.0,False,0.712166172106825,0.712166172106825,1.0,154,268,559,673,405,0,0,0,0,0.0,False,0.493095564700503,0.5925925925925926,0.8320987654320988,121,234,593,706,472,0,0,0,0,0.0,False,0.36304222924447,0.5084745762711864,0.7139830508474576
val_d_430_t7p0,d_430,val,drowsy,7.0,210,720,1280,229,385,474,705,245,320,0.765625,245,320,1.3061224489795917,0,0,0,0,0.0,False,1.0,191,385,511,705,320,0,0,0,0,0.0,False,0.765625,0.765625,1.0,159,353,543,737,384,0,0,0,0,0.0,False,0.5316840277777778,0.6380208333333334,0.8333333333333334,127,321,575,769,448,0,0,0,0,0.0,False,0.390625,0.546875,0.7142857142857143
val_n_196_t7p0,n_196,val,not_drowsy,7.0,175,720,1280,208,625,368,846,160,221,0.7239819004524887,160,221,1.38125,0,0,0,0,0.0,False,1.0,177,625,398,846,221,0,0,0,0,0.0,False,0.7239819004524887,0.7239819004524887,1.0,155,602,421,868,266,0,0,0,0,0.0,False,0.49974560461303635,0.6015037593984962,0.8308270676691729,133,580,443,890,310,0,0,0,0,0.0,False,0.36795005202913633,0.5161290322580645,0.7129032258064516
train_d_75_t9p0,d_75,train,drowsy,9.0,270,720,1280,99,206,410,673,311,467,0.6659528907922913,311,467,1.5016077170418007,0,0,0,0,0.0,False,1.0,21,206,488,673,467,0,0,0,0,0.0,False,0.6659528907922913,0.6659528907922913,1.0,-26,159,535,720,561,26,0,0,0,0.04634581105169344,True,0.4614785794402026,0.5543672014260249,0.8324420677361853,-73,112,581,766,654,73,0,0,0,0.1116207951070336,True,0.3395641032834872,0.47553516819571867,0.7140672782874617
train_n_889_t9p0,n_889,train,not_drowsy,9.0,270,720,1280,252,304,487,633,235,329,0.7142857142857143,235,329,1.4,0,0,0,0,0.0,False,1.0,205,304,534,633,329,0,0,0,0,0.0,False,0.7142857142857143,0.7142857142857143,1.0,172,271,567,666,395,0,0,0,0,0.0,False,0.49552956257010095,0.5949367088607594,0.8329113924050633,139,238,600,699,461,0,0,0,0,0.0,False,0.3637993421826549,0.5097613882863341,0.7136659436008677
val_d_430_t9p0,d_430,val,drowsy,9.0,270,720,1280,212,379,454,703,242,324,0.7469135802469136,242,324,1.3388429752066116,0,0,0,0,0.0,False,1.0,171,379,495,703,324,0,0,0,0,0.0,False,0.7469135802469136,0.7469135802469136,1.0,138,346,527,735,389,0,0,0,0,0.0,False,0.518156766080055,0.622107969151671,0.8329048843187661,106,314,560,768,454,0,0,0,0,0.0,False,0.38040714937219816,0.5330396475770925,0.7136563876651982
val_n_196_t9p0,n_196,val,not_drowsy,9.0,225,720,1280,196,630,356,853,160,223,0.7174887892376681,160,223,1.39375,0,0,0,0,0.0,False,1.0,164,630,387,853,223,0,0,0,0,0.0,False,0.7174887892376681,0.7174887892376681,1.0,142,607,410,875,268,0,0,0,0,0.0,False,0.4967698819336155,0.5970149253731343,0.832089552238806,119,585,432,898,313,0,0,0,0,0.0,False,0.3641968377752146,0.5111821086261981,0.7124600638977636
train_d_75_t1p0,d_75,train,drowsy,1.0,30,720,1280,83,210,382,641,299,431,0.6937354988399071,299,431,1.4414715719063544,0,0,0,0,0.0,False,1.0,17,210,448,641,431,0,0,0,0,0.0,False,0.6937354988399071,0.6937354988399071,1.0,-27,166,491,684,518,27,0,0,0,0.05212355212355213,True,0.4802738480344658,0.5772200772200772,0.832046332046332,-70,123,534,727,604,70,0,0,0,0.11589403973509937,True,0.35324382702513046,0.49503311258278143,0.7135761589403974
train_n_889_t1p0,n_889,train,not_drowsy,1.0,30,720,1280,250,327,485,664,235,337,0.6973293768545994,235,337,1.4340425531914893,0,0,0,0,0.0,False,1.0,199,327,536,664,337,0,0,0,0,0.0,False,0.6973293768545994,0.6973293768545994,1.0,165,293,570,698,405,0,0,0,0,0.0,False,0.48282274043590917,0.5802469135802469,0.8320987654320988,131,259,603,731,472,0,0,0,0,0.0,False,0.3554788494685435,0.4978813559322034,0.7139830508474576
val_d_430_t1p0,d_430,val,drowsy,1.0,30,720,1280,257,384,505,689,248,305,0.8131147540983606,248,305,1.2298387096774193,0,0,0,0,0.0,False,1.0,228,384,533,689,305,0,0,0,0,0.0,False,0.8131147540983606,0.8131147540983606,1.0,198,353,564,719,366,0,0,0,0,0.0,False,0.5646630236794171,0.6775956284153005,0.8333333333333334,167,323,594,750,427,0,0,0,0,0.0,False,0.41485446637671464,0.5807962529274004,0.7142857142857143
val_n_196_t1p0,n_196,val,not_drowsy,1.0,25,720,1280,219,623,374,844,155,221,0.7013574660633484,155,221,1.4258064516129032,0,0,0,0,0.0,False,1.0,186,623,407,844,221,0,0,0,0,0.0,False,0.7013574660633484,0.7013574660633484,1.0,163,600,429,866,266,0,0,0,0,0.0,False,0.484128554468879,0.5827067669172933,0.8308270676691729,141,578,451,888,310,0,0,0,0,0.0,False,0.3564516129032258,0.5,0.7129032258064516
train_d_75_t3p0,d_75,train,drowsy,3.0,90,720,1280,223,274,487,654,264,380,0.6947368421052632,264,380,1.4393939393939394,0,0,0,0,0.0,False,1.0,165,274,545,654,380,0,0,0,0,0.0,False,0.6947368421052632,0.6947368421052632,1.0,127,236,583,692,456,0,0,0,0,0.0,False,0.4824561403508772,0.5789473684210527,0.8333333333333334,89,198,621,730,532,0,0,0,0,0.0,False,0.3544575725026853,0.49624060150375937,0.7142857142857143
train_n_889_t3p0,n_889,train,not_drowsy,3.0,90,720,1280,240,328,474,670,234,342,0.6842105263157895,234,342,1.4615384615384615,0,0,0,0,0.0,False,1.0,186,328,528,670,342,0,0,0,0,0.0,False,0.6842105263157895,0.6842105263157895,1.0,151,293,562,704,411,0,0,0,0,0.0,False,0.47375992327774524,0.5693430656934306,0.8321167883211679,117,259,596,738,479,0,0,0,0,0.0,False,0.3487955509259461,0.48851774530271397,0.7139874739039666
val_d_430_t3p0,d_430,val,drowsy,3.0,90,720,1280,233,367,487,676,254,309,0.8220064724919094,254,309,1.2165354330708662,0,0,0,0,0.0,False,1.0,205,367,514,676,309,0,0,0,0,0.0,False,0.8220064724919094,0.8220064724919094,1.0,174,336,545,707,371,0,0,0,0,0.0,False,0.5702225354363889,0.6846361185983828,0.8328840970350404,143,305,576,738,433,0,0,0,0,0.0,False,0.4186165588381185,0.5866050808314087,0.7136258660508084
val_n_196_t3p0,n_196,val,not_drowsy,3.0,75,720,1280,200,623,356,839,156,216,0.7222222222222222,156,216,1.3846153846153846,0,0,0,0,0.0,False,1.0,170,623,386,839,216,0,0,0,0,0.0,False,0.7222222222222222,0.7222222222222222,1.0,148,601,408,861,260,0,0,0,0,0.0,False,0.49846153846153846,0.6,0.8307692307692308,126,579,429,882,303,0,0,0,0,0.0,False,0.3670228408979512,0.5148514851485149,0.7128712871287128
