video_id,split,label,behavior_valid_count,behavior_missing_count,longest_missing_run,behavior_exclusion_reason,context_eligible,canonical_policy_hash,sequence_missing_policy_hash
d_242,train,drowsy,91,9,3,INSUFFICIENT_VALID_BEHAVIOR,True,29f74d12e4a522352868297c1661224c5d444f2829f1cae6866c8b2d1968e721,f382c7900331c0be2f56b95f8fd95ed77f86dd5d4b06239da078e03d180eee4d
d_244,train,drowsy,64,36,13,BOTH_BEHAVIOR_LIMITS_EXCEEDED,False,29f74d12e4a522352868297c1661224c5d444f2829f1cae6866c8b2d1968e721,f382c7900331c0be2f56b95f8fd95ed77f86dd5d4b06239da078e03d180eee4d
d_245,train,drowsy,76,24,9,BOTH_BEHAVIOR_LIMITS_EXCEEDED,False,29f74d12e4a522352868297c1661224c5d444f2829f1cae6866c8b2d1968e721,f382c7900331c0be2f56b95f8fd95ed77f86dd5d4b06239da078e03d180eee4d
d_247,train,drowsy,56,44,19,BOTH_BEHAVIOR_LIMITS_EXCEEDED,False,29f74d12e4a522352868297c1661224c5d444f2829f1cae6866c8b2d1968e721,f382c7900331c0be2f56b95f8fd95ed77f86dd5d4b06239da078e03d180eee4d
d_248,train,drowsy,48,52,18,BOTH_BEHAVIOR_LIMITS_EXCEEDED,False,29f74d12e4a522352868297c1661224c5d444f2829f1cae6866c8b2d1968e721,f382c7900331c0be2f56b95f8fd95ed77f86dd5d4b06239da078e03d180eee4d
d_250,train,drowsy,83,17,17,BOTH_BEHAVIOR_LIMITS_EXCEEDED,False,29f74d12e4a522352868297c1661224c5d444f2829f1cae6866c8b2d1968e721,f382c7900331c0be2f56b95f8fd95ed77f86dd5d4b06239da078e03d180eee4d
d_251,val,drowsy,46,54,15,BOTH_BEHAVIOR_LIMITS_EXCEEDED,False,29f74d12e4a522352868297c1661224c5d444f2829f1cae6866c8b2d1968e721,f382c7900331c0be2f56b95f8fd95ed77f86dd5d4b06239da078e03d180eee4d
d_252,val,drowsy,92,8,6,BOTH_BEHAVIOR_LIMITS_EXCEEDED,True,29f74d12e4a522352868297c1661224c5d444f2829f1cae6866c8b2d1968e721,f382c7900331c0be2f56b95f8fd95ed77f86dd5d4b06239da078e03d180eee4d
d_254,train,drowsy,80,20,14,BOTH_BEHAVIOR_LIMITS_EXCEEDED,True,29f74d12e4a522352868297c1661224c5d444f2829f1cae6866c8b2d1968e721,f382c7900331c0be2f56b95f8fd95ed77f86dd5d4b06239da078e03d180eee4d
d_255,train,drowsy,89,11,11,BOTH_BEHAVIOR_LIMITS_EXCEEDED,True,29f74d12e4a522352868297c1661224c5d444f2829f1cae6866c8b2d1968e721,f382c7900331c0be2f56b95f8fd95ed77f86dd5d4b06239da078e03d180eee4d
d_257,train,drowsy,83,17,17,BOTH_BEHAVIOR_LIMITS_EXCEEDED,False,29f74d12e4a522352868297c1661224c5d444f2829f1cae6866c8b2d1968e721,f382c7900331c0be2f56b95f8fd95ed77f86dd5d4b06239da078e03d180eee4d
d_262,train,drowsy,81,19,9,BOTH_BEHAVIOR_LIMITS_EXCEEDED,True,29f74d12e4a522352868297c1661224c5d444f2829f1cae6866c8b2d1968e721,f382c7900331c0be2f56b95f8fd95ed77f86dd5d4b06239da078e03d180eee4d
d_263,train,drowsy,93,7,7,BOTH_BEHAVIOR_LIMITS_EXCEEDED,True,29f74d12e4a522352868297c1661224c5d444f2829f1cae6866c8b2d1968e721,f382c7900331c0be2f56b95f8fd95ed77f86dd5d4b06239da078e03d180eee4d
d_264,train,drowsy,87,13,13,BOTH_BEHAVIOR_LIMITS_EXCEEDED,True,29f74d12e4a522352868297c1661224c5d444f2829f1cae6866c8b2d1968e721,f382c7900331c0be2f56b95f8fd95ed77f86dd5d4b06239da078e03d180eee4d
d_266,train,drowsy,71,29,15,BOTH_BEHAVIOR_LIMITS_EXCEEDED,True,29f74d12e4a522352868297c1661224c5d444f2829f1cae6866c8b2d1968e721,f382c7900331c0be2f56b95f8fd95ed77f86dd5d4b06239da078e03d180eee4d
d_273,train,drowsy,93,7,7,BOTH_BEHAVIOR_LIMITS_EXCEEDED,True,29f74d12e4a522352868297c1661224c5d444f2829f1cae6866c8b2d1968e721,f382c7900331c0be2f56b95f8fd95ed77f86dd5d4b06239da078e03d180eee4d
d_285,train,drowsy,80,20,20,BOTH_BEHAVIOR_LIMITS_EXCEEDED,False,29f74d12e4a522352868297c1661224c5d444f2829f1cae6866c8b2d1968e721,f382c7900331c0be2f56b95f8fd95ed77f86dd5d4b06239da078e03d180eee4d
d_287,train,drowsy,91,9,6,BOTH_BEHAVIOR_LIMITS_EXCEEDED,True,29f74d12e4a522352868297c1661224c5d444f2829f1cae6866c8b2d1968e721,f382c7900331c0be2f56b95f8fd95ed77f86dd5d4b06239da078e03d180eee4d
d_292,train,drowsy,89,11,9,BOTH_BEHAVIOR_LIMITS_EXCEEDED,True,29f74d12e4a522352868297c1661224c5d444f2829f1cae6866c8b2d1968e721,f382c7900331c0be2f56b95f8fd95ed77f86dd5d4b06239da078e03d180eee4d
d_293,val,drowsy,94,6,3,INSUFFICIENT_VALID_BEHAVIOR,True,29f74d12e4a522352868297c1661224c5d444f2829f1cae6866c8b2d1968e721,f382c7900331c0be2f56b95f8fd95ed77f86dd5d4b06239da078e03d180eee4d
d_296,train,drowsy,53,47,18,BOTH_BEHAVIOR_LIMITS_EXCEEDED,False,29f74d12e4a522352868297c1661224c5d444f2829f1cae6866c8b2d1968e721,f382c7900331c0be2f56b95f8fd95ed77f86dd5d4b06239da078e03d180eee4d
d_309,train,drowsy,90,10,6,BOTH_BEHAVIOR_LIMITS_EXCEEDED,True,29f74d12e4a522352868297c1661224c5d444f2829f1cae6866c8b2d1968e721,f382c7900331c0be2f56b95f8fd95ed77f86dd5d4b06239da078e03d180eee4d
d_314,val,drowsy,87,13,13,BOTH_BEHAVIOR_LIMITS_EXCEEDED,True,29f74d12e4a522352868297c1661224c5d444f2829f1cae6866c8b2d1968e721,f382c7900331c0be2f56b95f8fd95ed77f86dd5d4b06239da078e03d180eee4d
d_318,train,drowsy,86,14,7,BOTH_BEHAVIOR_LIMITS_EXCEEDED,True,29f74d12e4a522352868297c1661224c5d444f2829f1cae6866c8b2d1968e721,f382c7900331c0be2f56b95f8fd95ed77f86dd5d4b06239da078e03d180eee4d
d_321,train,drowsy,94,6,6,BOTH_BEHAVIOR_LIMITS_EXCEEDED,True,29f74d12e4a522352868297c1661224c5d444f2829f1cae6866c8b2d1968e721,f382c7900331c0be2f56b95f8fd95ed77f86dd5d4b06239da078e03d180eee4d
d_329,train,drowsy,70,30,19,BOTH_BEHAVIOR_LIMITS_EXCEEDED,False,29f74d12e4a522352868297c1661224c5d444f2829f1cae6866c8b2d1968e721,f382c7900331c0be2f56b95f8fd95ed77f86dd5d4b06239da078e03d180eee4d
d_330,train,drowsy,27,73,50,BOTH_BEHAVIOR_LIMITS_EXCEEDED,False,29f74d12e4a522352868297c1661224c5d444f2829f1cae6866c8b2d1968e721,f382c7900331c0be2f56b95f8fd95ed77f86dd5d4b06239da078e03d180eee4d
d_331,val,drowsy,78,22,22,BOTH_BEHAVIOR_LIMITS_EXCEEDED,False,29f74d12e4a522352868297c1661224c5d444f2829f1cae6866c8b2d1968e721,f382c7900331c0be2f56b95f8fd95ed77f86dd5d4b06239da078e03d180eee4d
d_337,train,drowsy,90,10,10,BOTH_BEHAVIOR_LIMITS_EXCEEDED,True,29f74d12e4a522352868297c1661224c5d444f2829f1cae6866c8b2d1968e721,f382c7900331c0be2f56b95f8fd95ed77f86dd5d4b06239da078e03d180eee4d
d_339,train,drowsy,93,7,6,BOTH_BEHAVIOR_LIMITS_EXCEEDED,True,29f74d12e4a522352868297c1661224c5d444f2829f1cae6866c8b2d1968e721,f382c7900331c0be2f56b95f8fd95ed77f86dd5d4b06239da078e03d180eee4d
d_340,train,drowsy,74,26,23,BOTH_BEHAVIOR_LIMITS_EXCEEDED,False,29f74d12e4a522352868297c1661224c5d444f2829f1cae6866c8b2d1968e721,f382c7900331c0be2f56b95f8fd95ed77f86dd5d4b06239da078e03d180eee4d
d_344,train,drowsy,76,24,13,BOTH_BEHAVIOR_LIMITS_EXCEEDED,True,29f74d12e4a522352868297c1661224c5d444f2829f1cae6866c8b2d1968e721,f382c7900331c0be2f56b95f8fd95ed77f86dd5d4b06239da078e03d180eee4d
d_345,train,drowsy,59,41,18,BOTH_BEHAVIOR_LIMITS_EXCEEDED,False,29f74d12e4a522352868297c1661224c5d444f2829f1cae6866c8b2d1968e721,f382c7900331c0be2f56b95f8fd95ed77f86dd5d4b06239da078e03d180eee4d
d_349,val,drowsy,76,24,21,BOTH_BEHAVIOR_LIMITS_EXCEEDED,False,29f74d12e4a522352868297c1661224c5d444f2829f1cae6866c8b2d1968e721,f382c7900331c0be2f56b95f8fd95ed77f86dd5d4b06239da078e03d180eee4d
d_384,val,drowsy,94,6,6,BOTH_BEHAVIOR_LIMITS_EXCEEDED,True,29f74d12e4a522352868297c1661224c5d444f2829f1cae6866c8b2d1968e721,f382c7900331c0be2f56b95f8fd95ed77f86dd5d4b06239da078e03d180eee4d
d_440,train,drowsy,93,7,5,INSUFFICIENT_VALID_BEHAVIOR,True,29f74d12e4a522352868297c1661224c5d444f2829f1cae6866c8b2d1968e721,f382c7900331c0be2f56b95f8fd95ed77f86dd5d4b06239da078e03d180eee4d
d_49,train,drowsy,56,44,33,BOTH_BEHAVIOR_LIMITS_EXCEEDED,False,29f74d12e4a522352868297c1661224c5d444f2829f1cae6866c8b2d1968e721,f382c7900331c0be2f56b95f8fd95ed77f86dd5d4b06239da078e03d180eee4d
d_495,train,drowsy,94,6,2,INSUFFICIENT_VALID_BEHAVIOR,True,29f74d12e4a522352868297c1661224c5d444f2829f1cae6866c8b2d1968e721,f382c7900331c0be2f56b95f8fd95ed77f86dd5d4b06239da078e03d180eee4d
d_50,train,drowsy,85,15,15,BOTH_BEHAVIOR_LIMITS_EXCEEDED,False,29f74d12e4a522352868297c1661224c5d444f2829f1cae6866c8b2d1968e721,f382c7900331c0be2f56b95f8fd95ed77f86dd5d4b06239da078e03d180eee4d
d_51,val,drowsy,60,40,27,BOTH_BEHAVIOR_LIMITS_EXCEEDED,False,29f74d12e4a522352868297c1661224c5d444f2829f1cae6866c8b2d1968e721,f382c7900331c0be2f56b95f8fd95ed77f86dd5d4b06239da078e03d180eee4d
d_52,train,drowsy,53,47,32,BOTH_BEHAVIOR_LIMITS_EXCEEDED,False,29f74d12e4a522352868297c1661224c5d444f2829f1cae6866c8b2d1968e721,f382c7900331c0be2f56b95f8fd95ed77f86dd5d4b06239da078e03d180eee4d
d_527,train,drowsy,94,6,6,BOTH_BEHAVIOR_LIMITS_EXCEEDED,True,29f74d12e4a522352868297c1661224c5d444f2829f1cae6866c8b2d1968e721,f382c7900331c0be2f56b95f8fd95ed77f86dd5d4b06239da078e03d180eee4d
d_545,train,drowsy,94,6,5,INSUFFICIENT_VALID_BEHAVIOR,True,29f74d12e4a522352868297c1661224c5d444f2829f1cae6866c8b2d1968e721,f382c7900331c0be2f56b95f8fd95ed77f86dd5d4b06239da078e03d180eee4d
d_55,val,drowsy,88,12,12,BOTH_BEHAVIOR_LIMITS_EXCEEDED,True,29f74d12e4a522352868297c1661224c5d444f2829f1cae6866c8b2d1968e721,f382c7900331c0be2f56b95f8fd95ed77f86dd5d4b06239da078e03d180eee4d
d_555,train,drowsy,92,8,7,BOTH_BEHAVIOR_LIMITS_EXCEEDED,True,29f74d12e4a522352868297c1661224c5d444f2829f1cae6866c8b2d1968e721,f382c7900331c0be2f56b95f8fd95ed77f86dd5d4b06239da078e03d180eee4d
d_584,train,drowsy,85,15,11,BOTH_BEHAVIOR_LIMITS_EXCEEDED,False,29f74d12e4a522352868297c1661224c5d444f2829f1cae6866c8b2d1968e721,f382c7900331c0be2f56b95f8fd95ed77f86dd5d4b06239da078e03d180eee4d
d_61,train,drowsy,62,38,15,BOTH_BEHAVIOR_LIMITS_EXCEEDED,False,29f74d12e4a522352868297c1661224c5d444f2829f1cae6866c8b2d1968e721,f382c7900331c0be2f56b95f8fd95ed77f86dd5d4b06239da078e03d180eee4d
d_62,train,drowsy,82,18,8,BOTH_BEHAVIOR_LIMITS_EXCEEDED,True,29f74d12e4a522352868297c1661224c5d444f2829f1cae6866c8b2d1968e721,f382c7900331c0be2f56b95f8fd95ed77f86dd5d4b06239da078e03d180eee4d
d_65,train,drowsy,93,7,3,INSUFFICIENT_VALID_BEHAVIOR,True,29f74d12e4a522352868297c1661224c5d444f2829f1cae6866c8b2d1968e721,f382c7900331c0be2f56b95f8fd95ed77f86dd5d4b06239da078e03d180eee4d
d_66,train,drowsy,94,6,4,INSUFFICIENT_VALID_BEHAVIOR,True,29f74d12e4a522352868297c1661224c5d444f2829f1cae6866c8b2d1968e721,f382c7900331c0be2f56b95f8fd95ed77f86dd5d4b06239da078e03d180eee4d
d_698,train,drowsy,92,8,8,BOTH_BEHAVIOR_LIMITS_EXCEEDED,True,29f74d12e4a522352868297c1661224c5d444f2829f1cae6866c8b2d1968e721,f382c7900331c0be2f56b95f8fd95ed77f86dd5d4b06239da078e03d180eee4d
d_72,train,drowsy,63,37,17,BOTH_BEHAVIOR_LIMITS_EXCEEDED,False,29f74d12e4a522352868297c1661224c5d444f2829f1cae6866c8b2d1968e721,f382c7900331c0be2f56b95f8fd95ed77f86dd5d4b06239da078e03d180eee4d
d_73,train,drowsy,89,11,3,INSUFFICIENT_VALID_BEHAVIOR,True,29f74d12e4a522352868297c1661224c5d444f2829f1cae6866c8b2d1968e721,f382c7900331c0be2f56b95f8fd95ed77f86dd5d4b06239da078e03d180eee4d
d_74,train,drowsy,5,95,92,BOTH_BEHAVIOR_LIMITS_EXCEEDED,False,29f74d12e4a522352868297c1661224c5d444f2829f1cae6866c8b2d1968e721,f382c7900331c0be2f56b95f8fd95ed77f86dd5d4b06239da078e03d180eee4d
d_76,train,drowsy,81,19,5,INSUFFICIENT_VALID_BEHAVIOR,False,29f74d12e4a522352868297c1661224c5d444f2829f1cae6866c8b2d1968e721,f382c7900331c0be2f56b95f8fd95ed77f86dd5d4b06239da078e03d180eee4d
d_762,train,drowsy,93,7,7,BOTH_BEHAVIOR_LIMITS_EXCEEDED,True,29f74d12e4a522352868297c1661224c5d444f2829f1cae6866c8b2d1968e721,f382c7900331c0be2f56b95f8fd95ed77f86dd5d4b06239da078e03d180eee4d
d_772,val,drowsy,87,13,13,BOTH_BEHAVIOR_LIMITS_EXCEEDED,True,29f74d12e4a522352868297c1661224c5d444f2829f1cae6866c8b2d1968e721,f382c7900331c0be2f56b95f8fd95ed77f86dd5d4b06239da078e03d180eee4d
d_775,val,drowsy,93,7,7,BOTH_BEHAVIOR_LIMITS_EXCEEDED,True,29f74d12e4a522352868297c1661224c5d444f2829f1cae6866c8b2d1968e721,f382c7900331c0be2f56b95f8fd95ed77f86dd5d4b06239da078e03d180eee4d
d_778,train,drowsy,89,11,9,BOTH_BEHAVIOR_LIMITS_EXCEEDED,True,29f74d12e4a522352868297c1661224c5d444f2829f1cae6866c8b2d1968e721,f382c7900331c0be2f56b95f8fd95ed77f86dd5d4b06239da078e03d180eee4d
d_781,train,drowsy,91,9,9,BOTH_BEHAVIOR_LIMITS_EXCEEDED,True,29f74d12e4a522352868297c1661224c5d444f2829f1cae6866c8b2d1968e721,f382c7900331c0be2f56b95f8fd95ed77f86dd5d4b06239da078e03d180eee4d
d_787,train,drowsy,84,16,16,BOTH_BEHAVIOR_LIMITS_EXCEEDED,False,29f74d12e4a522352868297c1661224c5d444f2829f1cae6866c8b2d1968e721,f382c7900331c0be2f56b95f8fd95ed77f86dd5d4b06239da078e03d180eee4d
d_79,train,drowsy,89,11,11,BOTH_BEHAVIOR_LIMITS_EXCEEDED,True,29f74d12e4a522352868297c1661224c5d444f2829f1cae6866c8b2d1968e721,f382c7900331c0be2f56b95f8fd95ed77f86dd5d4b06239da078e03d180eee4d
d_826,val,drowsy,94,6,5,INSUFFICIENT_VALID_BEHAVIOR,True,29f74d12e4a522352868297c1661224c5d444f2829f1cae6866c8b2d1968e721,f382c7900331c0be2f56b95f8fd95ed77f86dd5d4b06239da078e03d180eee4d
d_840,train,drowsy,83,17,17,BOTH_BEHAVIOR_LIMITS_EXCEEDED,False,29f74d12e4a522352868297c1661224c5d444f2829f1cae6866c8b2d1968e721,f382c7900331c0be2f56b95f8fd95ed77f86dd5d4b06239da078e03d180eee4d
d_841,train,drowsy,80,20,17,BOTH_BEHAVIOR_LIMITS_EXCEEDED,False,29f74d12e4a522352868297c1661224c5d444f2829f1cae6866c8b2d1968e721,f382c7900331c0be2f56b95f8fd95ed77f86dd5d4b06239da078e03d180eee4d
d_843,val,drowsy,84,16,4,INSUFFICIENT_VALID_BEHAVIOR,True,29f74d12e4a522352868297c1661224c5d444f2829f1cae6866c8b2d1968e721,f382c7900331c0be2f56b95f8fd95ed77f86dd5d4b06239da078e03d180eee4d
d_849,val,drowsy,92,8,7,BOTH_BEHAVIOR_LIMITS_EXCEEDED,True,29f74d12e4a522352868297c1661224c5d444f2829f1cae6866c8b2d1968e721,f382c7900331c0be2f56b95f8fd95ed77f86dd5d4b06239da078e03d180eee4d
d_851,train,drowsy,88,12,12,BOTH_BEHAVIOR_LIMITS_EXCEEDED,True,29f74d12e4a522352868297c1661224c5d444f2829f1cae6866c8b2d1968e721,f382c7900331c0be2f56b95f8fd95ed77f86dd5d4b06239da078e03d180eee4d
d_853,train,drowsy,94,6,2,INSUFFICIENT_VALID_BEHAVIOR,True,29f74d12e4a522352868297c1661224c5d444f2829f1cae6866c8b2d1968e721,f382c7900331c0be2f56b95f8fd95ed77f86dd5d4b06239da078e03d180eee4d
d_860,train,drowsy,83,17,12,BOTH_BEHAVIOR_LIMITS_EXCEEDED,True,29f74d12e4a522352868297c1661224c5d444f2829f1cae6866c8b2d1968e721,f382c7900331c0be2f56b95f8fd95ed77f86dd5d4b06239da078e03d180eee4d
d_861,train,drowsy,86,14,8,BOTH_BEHAVIOR_LIMITS_EXCEEDED,True,29f74d12e4a522352868297c1661224c5d444f2829f1cae6866c8b2d1968e721,f382c7900331c0be2f56b95f8fd95ed77f86dd5d4b06239da078e03d180eee4d
d_863,train,drowsy,92,8,8,BOTH_BEHAVIOR_LIMITS_EXCEEDED,True,29f74d12e4a522352868297c1661224c5d444f2829f1cae6866c8b2d1968e721,f382c7900331c0be2f56b95f8fd95ed77f86dd5d4b06239da078e03d180eee4d
d_866,train,drowsy,55,45,18,BOTH_BEHAVIOR_LIMITS_EXCEEDED,False,29f74d12e4a522352868297c1661224c5d444f2829f1cae6866c8b2d1968e721,f382c7900331c0be2f56b95f8fd95ed77f86dd5d4b06239da078e03d180eee4d
d_867,train,drowsy,90,10,4,INSUFFICIENT_VALID_BEHAVIOR,True,29f74d12e4a522352868297c1661224c5d444f2829f1cae6866c8b2d1968e721,f382c7900331c0be2f56b95f8fd95ed77f86dd5d4b06239da078e03d180eee4d
d_869,train,drowsy,85,15,3,INSUFFICIENT_VALID_BEHAVIOR,True,29f74d12e4a522352868297c1661224c5d444f2829f1cae6866c8b2d1968e721,f382c7900331c0be2f56b95f8fd95ed77f86dd5d4b06239da078e03d180eee4d
d_870,train,drowsy,81,19,5,INSUFFICIENT_VALID_BEHAVIOR,True,29f74d12e4a522352868297c1661224c5d444f2829f1cae6866c8b2d1968e721,f382c7900331c0be2f56b95f8fd95ed77f86dd5d4b06239da078e03d180eee4d
d_871,train,drowsy,94,6,3,INSUFFICIENT_VALID_BEHAVIOR,True,29f74d12e4a522352868297c1661224c5d444f2829f1cae6866c8b2d1968e721,f382c7900331c0be2f56b95f8fd95ed77f86dd5d4b06239da078e03d180eee4d
d_872,train,drowsy,75,25,8,BOTH_BEHAVIOR_LIMITS_EXCEEDED,True,29f74d12e4a522352868297c1661224c5d444f2829f1cae6866c8b2d1968e721,f382c7900331c0be2f56b95f8fd95ed77f86dd5d4b06239da078e03d180eee4d
d_873,train,drowsy,83,17,10,BOTH_BEHAVIOR_LIMITS_EXCEEDED,True,29f74d12e4a522352868297c1661224c5d444f2829f1cae6866c8b2d1968e721,f382c7900331c0be2f56b95f8fd95ed77f86dd5d4b06239da078e03d180eee4d
d_874,train,drowsy,92,8,7,BOTH_BEHAVIOR_LIMITS_EXCEEDED,True,29f74d12e4a522352868297c1661224c5d444f2829f1cae6866c8b2d1968e721,f382c7900331c0be2f56b95f8fd95ed77f86dd5d4b06239da078e03d180eee4d
d_875,train,drowsy,83,17,9,BOTH_BEHAVIOR_LIMITS_EXCEEDED,True,29f74d12e4a522352868297c1661224c5d444f2829f1cae6866c8b2d1968e721,f382c7900331c0be2f56b95f8fd95ed77f86dd5d4b06239da078e03d180eee4d
d_876,train,drowsy,94,6,2,INSUFFICIENT_VALID_BEHAVIOR,True,29f74d12e4a522352868297c1661224c5d444f2829f1cae6866c8b2d1968e721,f382c7900331c0be2f56b95f8fd95ed77f86dd5d4b06239da078e03d180eee4d
d_880,train,drowsy,85,15,4,INSUFFICIENT_VALID_BEHAVIOR,True,29f74d12e4a522352868297c1661224c5d444f2829f1cae6866c8b2d1968e721,f382c7900331c0be2f56b95f8fd95ed77f86dd5d4b06239da078e03d180eee4d
d_882,train,drowsy,93,7,4,INSUFFICIENT_VALID_BEHAVIOR,True,29f74d12e4a522352868297c1661224c5d444f2829f1cae6866c8b2d1968e721,f382c7900331c0be2f56b95f8fd95ed77f86dd5d4b06239da078e03d180eee4d
d_884,train,drowsy,76,24,16,BOTH_BEHAVIOR_LIMITS_EXCEEDED,False,29f74d12e4a522352868297c1661224c5d444f2829f1cae6866c8b2d1968e721,f382c7900331c0be2f56b95f8fd95ed77f86dd5d4b06239da078e03d180eee4d
d_885,train,drowsy,94,6,6,BOTH_BEHAVIOR_LIMITS_EXCEEDED,True,29f74d12e4a522352868297c1661224c5d444f2829f1cae6866c8b2d1968e721,f382c7900331c0be2f56b95f8fd95ed77f86dd5d4b06239da078e03d180eee4d
d_886,train,drowsy,90,10,6,BOTH_BEHAVIOR_LIMITS_EXCEEDED,True,29f74d12e4a522352868297c1661224c5d444f2829f1cae6866c8b2d1968e721,f382c7900331c0be2f56b95f8fd95ed77f86dd5d4b06239da078e03d180eee4d
d_888,train,drowsy,85,15,13,BOTH_BEHAVIOR_LIMITS_EXCEEDED,True,29f74d12e4a522352868297c1661224c5d444f2829f1cae6866c8b2d1968e721,f382c7900331c0be2f56b95f8fd95ed77f86dd5d4b06239da078e03d180eee4d
d_893,train,drowsy,86,14,12,BOTH_BEHAVIOR_LIMITS_EXCEEDED,True,29f74d12e4a522352868297c1661224c5d444f2829f1cae6866c8b2d1968e721,f382c7900331c0be2f56b95f8fd95ed77f86dd5d4b06239da078e03d180eee4d
d_895,val,drowsy,90,10,9,BOTH_BEHAVIOR_LIMITS_EXCEEDED,True,29f74d12e4a522352868297c1661224c5d444f2829f1cae6866c8b2d1968e721,f382c7900331c0be2f56b95f8fd95ed77f86dd5d4b06239da078e03d180eee4d
d_896,val,drowsy,91,9,8,BOTH_BEHAVIOR_LIMITS_EXCEEDED,True,29f74d12e4a522352868297c1661224c5d444f2829f1cae6866c8b2d1968e721,f382c7900331c0be2f56b95f8fd95ed77f86dd5d4b06239da078e03d180eee4d
d_900,train,drowsy,88,12,12,BOTH_BEHAVIOR_LIMITS_EXCEEDED,True,29f74d12e4a522352868297c1661224c5d444f2829f1cae6866c8b2d1968e721,f382c7900331c0be2f56b95f8fd95ed77f86dd5d4b06239da078e03d180eee4d
d_94,train,drowsy,86,14,4,INSUFFICIENT_VALID_BEHAVIOR,True,29f74d12e4a522352868297c1661224c5d444f2829f1cae6866c8b2d1968e721,f382c7900331c0be2f56b95f8fd95ed77f86dd5d4b06239da078e03d180eee4d
n_1061,train,not_drowsy,80,20,9,BOTH_BEHAVIOR_LIMITS_EXCEEDED,True,29f74d12e4a522352868297c1661224c5d444f2829f1cae6866c8b2d1968e721,f382c7900331c0be2f56b95f8fd95ed77f86dd5d4b06239da078e03d180eee4d
n_111,train,not_drowsy,89,11,9,BOTH_BEHAVIOR_LIMITS_EXCEEDED,True,29f74d12e4a522352868297c1661224c5d444f2829f1cae6866c8b2d1968e721,f382c7900331c0be2f56b95f8fd95ed77f86dd5d4b06239da078e03d180eee4d
n_112,val,not_drowsy,61,39,37,BOTH_BEHAVIOR_LIMITS_EXCEEDED,False,29f74d12e4a522352868297c1661224c5d444f2829f1cae6866c8b2d1968e721,f382c7900331c0be2f56b95f8fd95ed77f86dd5d4b06239da078e03d180eee4d
n_115,train,not_drowsy,62,38,12,BOTH_BEHAVIOR_LIMITS_EXCEEDED,False,29f74d12e4a522352868297c1661224c5d444f2829f1cae6866c8b2d1968e721,f382c7900331c0be2f56b95f8fd95ed77f86dd5d4b06239da078e03d180eee4d
n_119,val,not_drowsy,89,11,11,BOTH_BEHAVIOR_LIMITS_EXCEEDED,True,29f74d12e4a522352868297c1661224c5d444f2829f1cae6866c8b2d1968e721,f382c7900331c0be2f56b95f8fd95ed77f86dd5d4b06239da078e03d180eee4d
n_128,train,not_drowsy,80,20,12,BOTH_BEHAVIOR_LIMITS_EXCEEDED,True,29f74d12e4a522352868297c1661224c5d444f2829f1cae6866c8b2d1968e721,f382c7900331c0be2f56b95f8fd95ed77f86dd5d4b06239da078e03d180eee4d
n_136,train,not_drowsy,42,58,30,BOTH_BEHAVIOR_LIMITS_EXCEEDED,False,29f74d12e4a522352868297c1661224c5d444f2829f1cae6866c8b2d1968e721,f382c7900331c0be2f56b95f8fd95ed77f86dd5d4b06239da078e03d180eee4d
n_138,train,not_drowsy,54,46,20,BOTH_BEHAVIOR_LIMITS_EXCEEDED,False,29f74d12e4a522352868297c1661224c5d444f2829f1cae6866c8b2d1968e721,f382c7900331c0be2f56b95f8fd95ed77f86dd5d4b06239da078e03d180eee4d
n_140,val,not_drowsy,94,6,4,INSUFFICIENT_VALID_BEHAVIOR,True,29f74d12e4a522352868297c1661224c5d444f2829f1cae6866c8b2d1968e721,f382c7900331c0be2f56b95f8fd95ed77f86dd5d4b06239da078e03d180eee4d
n_141,train,not_drowsy,68,32,32,BOTH_BEHAVIOR_LIMITS_EXCEEDED,False,29f74d12e4a522352868297c1661224c5d444f2829f1cae6866c8b2d1968e721,f382c7900331c0be2f56b95f8fd95ed77f86dd5d4b06239da078e03d180eee4d
n_142,train,not_drowsy,77,23,15,BOTH_BEHAVIOR_LIMITS_EXCEEDED,False,29f74d12e4a522352868297c1661224c5d444f2829f1cae6866c8b2d1968e721,f382c7900331c0be2f56b95f8fd95ed77f86dd5d4b06239da078e03d180eee4d
n_144,val,not_drowsy,91,9,4,INSUFFICIENT_VALID_BEHAVIOR,True,29f74d12e4a522352868297c1661224c5d444f2829f1cae6866c8b2d1968e721,f382c7900331c0be2f56b95f8fd95ed77f86dd5d4b06239da078e03d180eee4d
n_145,train,not_drowsy,91,9,8,BOTH_BEHAVIOR_LIMITS_EXCEEDED,True,29f74d12e4a522352868297c1661224c5d444f2829f1cae6866c8b2d1968e721,f382c7900331c0be2f56b95f8fd95ed77f86dd5d4b06239da078e03d180eee4d
n_245,train,not_drowsy,60,40,26,BOTH_BEHAVIOR_LIMITS_EXCEEDED,False,29f74d12e4a522352868297c1661224c5d444f2829f1cae6866c8b2d1968e721,f382c7900331c0be2f56b95f8fd95ed77f86dd5d4b06239da078e03d180eee4d
n_246,train,not_drowsy,0,100,100,NO_VALID_BEHAVIOR,False,29f74d12e4a522352868297c1661224c5d444f2829f1cae6866c8b2d1968e721,f382c7900331c0be2f56b95f8fd95ed77f86dd5d4b06239da078e03d180eee4d
n_247,val,not_drowsy,25,75,47,BOTH_BEHAVIOR_LIMITS_EXCEEDED,False,29f74d12e4a522352868297c1661224c5d444f2829f1cae6866c8b2d1968e721,f382c7900331c0be2f56b95f8fd95ed77f86dd5d4b06239da078e03d180eee4d
n_248,train,not_drowsy,60,40,21,BOTH_BEHAVIOR_LIMITS_EXCEEDED,False,29f74d12e4a522352868297c1661224c5d444f2829f1cae6866c8b2d1968e721,f382c7900331c0be2f56b95f8fd95ed77f86dd5d4b06239da078e03d180eee4d
n_249,train,not_drowsy,40,60,20,BOTH_BEHAVIOR_LIMITS_EXCEEDED,False,29f74d12e4a522352868297c1661224c5d444f2829f1cae6866c8b2d1968e721,f382c7900331c0be2f56b95f8fd95ed77f86dd5d4b06239da078e03d180eee4d
n_25,train,not_drowsy,90,10,7,BOTH_BEHAVIOR_LIMITS_EXCEEDED,True,29f74d12e4a522352868297c1661224c5d444f2829f1cae6866c8b2d1968e721,f382c7900331c0be2f56b95f8fd95ed77f86dd5d4b06239da078e03d180eee4d
n_250,train,not_drowsy,12,88,42,BOTH_BEHAVIOR_LIMITS_EXCEEDED,False,29f74d12e4a522352868297c1661224c5d444f2829f1cae6866c8b2d1968e721,f382c7900331c0be2f56b95f8fd95ed77f86dd5d4b06239da078e03d180eee4d
n_253,train,not_drowsy,74,26,9,BOTH_BEHAVIOR_LIMITS_EXCEEDED,True,29f74d12e4a522352868297c1661224c5d444f2829f1cae6866c8b2d1968e721,f382c7900331c0be2f56b95f8fd95ed77f86dd5d4b06239da078e03d180eee4d
n_254,train,not_drowsy,56,44,16,BOTH_BEHAVIOR_LIMITS_EXCEEDED,False,29f74d12e4a522352868297c1661224c5d444f2829f1cae6866c8b2d1968e721,f382c7900331c0be2f56b95f8fd95ed77f86dd5d4b06239da078e03d180eee4d
n_255,train,not_drowsy,94,6,4,INSUFFICIENT_VALID_BEHAVIOR,True,29f74d12e4a522352868297c1661224c5d444f2829f1cae6866c8b2d1968e721,f382c7900331c0be2f56b95f8fd95ed77f86dd5d4b06239da078e03d180eee4d
n_257,train,not_drowsy,71,29,28,BOTH_BEHAVIOR_LIMITS_EXCEEDED,False,29f74d12e4a522352868297c1661224c5d444f2829f1cae6866c8b2d1968e721,f382c7900331c0be2f56b95f8fd95ed77f86dd5d4b06239da078e03d180eee4d
n_259,train,not_drowsy,45,55,17,BOTH_BEHAVIOR_LIMITS_EXCEEDED,False,29f74d12e4a522352868297c1661224c5d444f2829f1cae6866c8b2d1968e721,f382c7900331c0be2f56b95f8fd95ed77f86dd5d4b06239da078e03d180eee4d
n_26,train,not_drowsy,92,8,6,BOTH_BEHAVIOR_LIMITS_EXCEEDED,True,29f74d12e4a522352868297c1661224c5d444f2829f1cae6866c8b2d1968e721,f382c7900331c0be2f56b95f8fd95ed77f86dd5d4b06239da078e03d180eee4d
n_260,train,not_drowsy,94,6,6,BOTH_BEHAVIOR_LIMITS_EXCEEDED,True,29f74d12e4a522352868297c1661224c5d444f2829f1cae6866c8b2d1968e721,f382c7900331c0be2f56b95f8fd95ed77f86dd5d4b06239da078e03d180eee4d
n_262,train,not_drowsy,83,17,8,BOTH_BEHAVIOR_LIMITS_EXCEEDED,True,29f74d12e4a522352868297c1661224c5d444f2829f1cae6866c8b2d1968e721,f382c7900331c0be2f56b95f8fd95ed77f86dd5d4b06239da078e03d180eee4d
n_263,train,not_drowsy,91,9,6,BOTH_BEHAVIOR_LIMITS_EXCEEDED,True,29f74d12e4a522352868297c1661224c5d444f2829f1cae6866c8b2d1968e721,f382c7900331c0be2f56b95f8fd95ed77f86dd5d4b06239da078e03d180eee4d
n_264,train,not_drowsy,86,14,7,BOTH_BEHAVIOR_LIMITS_EXCEEDED,True,29f74d12e4a522352868297c1661224c5d444f2829f1cae6866c8b2d1968e721,f382c7900331c0be2f56b95f8fd95ed77f86dd5d4b06239da078e03d180eee4d
n_265,train,not_drowsy,73,27,13,BOTH_BEHAVIOR_LIMITS_EXCEEDED,True,29f74d12e4a522352868297c1661224c5d444f2829f1cae6866c8b2d1968e721,f382c7900331c0be2f56b95f8fd95ed77f86dd5d4b06239da078e03d180eee4d
n_266,train,not_drowsy,63,37,21,BOTH_BEHAVIOR_LIMITS_EXCEEDED,False,29f74d12e4a522352868297c1661224c5d444f2829f1cae6866c8b2d1968e721,f382c7900331c0be2f56b95f8fd95ed77f86dd5d4b06239da078e03d180eee4d
n_269,train,not_drowsy,93,7,5,INSUFFICIENT_VALID_BEHAVIOR,True,29f74d12e4a522352868297c1661224c5d444f2829f1cae6866c8b2d1968e721,f382c7900331c0be2f56b95f8fd95ed77f86dd5d4b06239da078e03d180eee4d
n_273,train,not_drowsy,78,22,9,BOTH_BEHAVIOR_LIMITS_EXCEEDED,True,29f74d12e4a522352868297c1661224c5d444f2829f1cae6866c8b2d1968e721,f382c7900331c0be2f56b95f8fd95ed77f86dd5d4b06239da078e03d180eee4d
n_274,train,not_drowsy,80,20,13,BOTH_BEHAVIOR_LIMITS_EXCEEDED,True,29f74d12e4a522352868297c1661224c5d444f2829f1cae6866c8b2d1968e721,f382c7900331c0be2f56b95f8fd95ed77f86dd5d4b06239da078e03d180eee4d
n_275,train,not_drowsy,90,10,9,BOTH_BEHAVIOR_LIMITS_EXCEEDED,True,29f74d12e4a522352868297c1661224c5d444f2829f1cae6866c8b2d1968e721,f382c7900331c0be2f56b95f8fd95ed77f86dd5d4b06239da078e03d180eee4d
n_279,train,not_drowsy,93,7,7,BOTH_BEHAVIOR_LIMITS_EXCEEDED,True,29f74d12e4a522352868297c1661224c5d444f2829f1cae6866c8b2d1968e721,f382c7900331c0be2f56b95f8fd95ed77f86dd5d4b06239da078e03d180eee4d
n_281,train,not_drowsy,88,12,12,BOTH_BEHAVIOR_LIMITS_EXCEEDED,True,29f74d12e4a522352868297c1661224c5d444f2829f1cae6866c8b2d1968e721,f382c7900331c0be2f56b95f8fd95ed77f86dd5d4b06239da078e03d180eee4d
n_282,val,not_drowsy,91,9,9,BOTH_BEHAVIOR_LIMITS_EXCEEDED,True,29f74d12e4a522352868297c1661224c5d444f2829f1cae6866c8b2d1968e721,f382c7900331c0be2f56b95f8fd95ed77f86dd5d4b06239da078e03d180eee4d
n_283,train,not_drowsy,70,30,16,BOTH_BEHAVIOR_LIMITS_EXCEEDED,False,29f74d12e4a522352868297c1661224c5d444f2829f1cae6866c8b2d1968e721,f382c7900331c0be2f56b95f8fd95ed77f86dd5d4b06239da078e03d180eee4d
n_284,train,not_drowsy,49,51,26,BOTH_BEHAVIOR_LIMITS_EXCEEDED,False,29f74d12e4a522352868297c1661224c5d444f2829f1cae6866c8b2d1968e721,f382c7900331c0be2f56b95f8fd95ed77f86dd5d4b06239da078e03d180eee4d
n_285,train,not_drowsy,85,15,8,BOTH_BEHAVIOR_LIMITS_EXCEEDED,True,29f74d12e4a522352868297c1661224c5d444f2829f1cae6866c8b2d1968e721,f382c7900331c0be2f56b95f8fd95ed77f86dd5d4b06239da078e03d180eee4d
n_286,train,not_drowsy,68,32,11,BOTH_BEHAVIOR_LIMITS_EXCEEDED,False,29f74d12e4a522352868297c1661224c5d444f2829f1cae6866c8b2d1968e721,f382c7900331c0be2f56b95f8fd95ed77f86dd5d4b06239da078e03d180eee4d
n_288,train,not_drowsy,56,44,15,BOTH_BEHAVIOR_LIMITS_EXCEEDED,False,29f74d12e4a522352868297c1661224c5d444f2829f1cae6866c8b2d1968e721,f382c7900331c0be2f56b95f8fd95ed77f86dd5d4b06239da078e03d180eee4d
n_291,train,not_drowsy,94,6,5,INSUFFICIENT_VALID_BEHAVIOR,True,29f74d12e4a522352868297c1661224c5d444f2829f1cae6866c8b2d1968e721,f382c7900331c0be2f56b95f8fd95ed77f86dd5d4b06239da078e03d180eee4d
n_292,train,not_drowsy,93,7,6,BOTH_BEHAVIOR_LIMITS_EXCEEDED,True,29f74d12e4a522352868297c1661224c5d444f2829f1cae6866c8b2d1968e721,f382c7900331c0be2f56b95f8fd95ed77f86dd5d4b06239da078e03d180eee4d
n_299,train,not_drowsy,93,7,4,INSUFFICIENT_VALID_BEHAVIOR,True,29f74d12e4a522352868297c1661224c5d444f2829f1cae6866c8b2d1968e721,f382c7900331c0be2f56b95f8fd95ed77f86dd5d4b06239da078e03d180eee4d
n_300,val,not_drowsy,85,15,9,BOTH_BEHAVIOR_LIMITS_EXCEEDED,True,29f74d12e4a522352868297c1661224c5d444f2829f1cae6866c8b2d1968e721,f382c7900331c0be2f56b95f8fd95ed77f86dd5d4b06239da078e03d180eee4d
n_305,train,not_drowsy,84,16,8,BOTH_BEHAVIOR_LIMITS_EXCEEDED,True,29f74d12e4a522352868297c1661224c5d444f2829f1cae6866c8b2d1968e721,f382c7900331c0be2f56b95f8fd95ed77f86dd5d4b06239da078e03d180eee4d
n_306,train,not_drowsy,94,6,6,BOTH_BEHAVIOR_LIMITS_EXCEEDED,True,29f74d12e4a522352868297c1661224c5d444f2829f1cae6866c8b2d1968e721,f382c7900331c0be2f56b95f8fd95ed77f86dd5d4b06239da078e03d180eee4d
n_307,train,not_drowsy,94,6,6,BOTH_BEHAVIOR_LIMITS_EXCEEDED,True,29f74d12e4a522352868297c1661224c5d444f2829f1cae6866c8b2d1968e721,f382c7900331c0be2f56b95f8fd95ed77f86dd5d4b06239da078e03d180eee4d
n_311,val,not_drowsy,77,23,15,BOTH_BEHAVIOR_LIMITS_EXCEEDED,True,29f74d12e4a522352868297c1661224c5d444f2829f1cae6866c8b2d1968e721,f382c7900331c0be2f56b95f8fd95ed77f86dd5d4b06239da078e03d180eee4d
n_312,train,not_drowsy,68,32,31,BOTH_BEHAVIOR_LIMITS_EXCEEDED,False,29f74d12e4a522352868297c1661224c5d444f2829f1cae6866c8b2d1968e721,f382c7900331c0be2f56b95f8fd95ed77f86dd5d4b06239da078e03d180eee4d
n_314,train,not_drowsy,79,21,13,BOTH_BEHAVIOR_LIMITS_EXCEEDED,False,29f74d12e4a522352868297c1661224c5d444f2829f1cae6866c8b2d1968e721,f382c7900331c0be2f56b95f8fd95ed77f86dd5d4b06239da078e03d180eee4d
n_315,train,not_drowsy,91,9,5,INSUFFICIENT_VALID_BEHAVIOR,True,29f74d12e4a522352868297c1661224c5d444f2829f1cae6866c8b2d1968e721,f382c7900331c0be2f56b95f8fd95ed77f86dd5d4b06239da078e03d180eee4d
n_316,train,not_drowsy,75,25,7,BOTH_BEHAVIOR_LIMITS_EXCEEDED,True,29f74d12e4a522352868297c1661224c5d444f2829f1cae6866c8b2d1968e721,f382c7900331c0be2f56b95f8fd95ed77f86dd5d4b06239da078e03d180eee4d
n_318,val,not_drowsy,65,35,15,BOTH_BEHAVIOR_LIMITS_EXCEEDED,False,29f74d12e4a522352868297c1661224c5d444f2829f1cae6866c8b2d1968e721,f382c7900331c0be2f56b95f8fd95ed77f86dd5d4b06239da078e03d180eee4d
n_319,train,not_drowsy,77,23,10,BOTH_BEHAVIOR_LIMITS_EXCEEDED,True,29f74d12e4a522352868297c1661224c5d444f2829f1cae6866c8b2d1968e721,f382c7900331c0be2f56b95f8fd95ed77f86dd5d4b06239da078e03d180eee4d
n_320,train,not_drowsy,72,28,5,INSUFFICIENT_VALID_BEHAVIOR,True,29f74d12e4a522352868297c1661224c5d444f2829f1cae6866c8b2d1968e721,f382c7900331c0be2f56b95f8fd95ed77f86dd5d4b06239da078e03d180eee4d
n_321,train,not_drowsy,75,25,9,BOTH_BEHAVIOR_LIMITS_EXCEEDED,True,29f74d12e4a522352868297c1661224c5d444f2829f1cae6866c8b2d1968e721,f382c7900331c0be2f56b95f8fd95ed77f86dd5d4b06239da078e03d180eee4d
n_322,train,not_drowsy,80,20,14,BOTH_BEHAVIOR_LIMITS_EXCEEDED,True,29f74d12e4a522352868297c1661224c5d444f2829f1cae6866c8b2d1968e721,f382c7900331c0be2f56b95f8fd95ed77f86dd5d4b06239da078e03d180eee4d
n_328,train,not_drowsy,89,11,11,BOTH_BEHAVIOR_LIMITS_EXCEEDED,True,29f74d12e4a522352868297c1661224c5d444f2829f1cae6866c8b2d1968e721,f382c7900331c0be2f56b95f8fd95ed77f86dd5d4b06239da078e03d180eee4d
n_330,val,not_drowsy,40,60,33,BOTH_BEHAVIOR_LIMITS_EXCEEDED,False,29f74d12e4a522352868297c1661224c5d444f2829f1cae6866c8b2d1968e721,f382c7900331c0be2f56b95f8fd95ed77f86dd5d4b06239da078e03d180eee4d
n_337,val,not_drowsy,83,17,9,BOTH_BEHAVIOR_LIMITS_EXCEEDED,True,29f74d12e4a522352868297c1661224c5d444f2829f1cae6866c8b2d1968e721,f382c7900331c0be2f56b95f8fd95ed77f86dd5d4b06239da078e03d180eee4d
n_338,train,not_drowsy,92,8,8,BOTH_BEHAVIOR_LIMITS_EXCEEDED,True,29f74d12e4a522352868297c1661224c5d444f2829f1cae6866c8b2d1968e721,f382c7900331c0be2f56b95f8fd95ed77f86dd5d4b06239da078e03d180eee4d
n_339,val,not_drowsy,77,23,18,BOTH_BEHAVIOR_LIMITS_EXCEEDED,False,29f74d12e4a522352868297c1661224c5d444f2829f1cae6866c8b2d1968e721,f382c7900331c0be2f56b95f8fd95ed77f86dd5d4b06239da078e03d180eee4d
n_34,val,not_drowsy,92,8,8,BOTH_BEHAVIOR_LIMITS_EXCEEDED,True,29f74d12e4a522352868297c1661224c5d444f2829f1cae6866c8b2d1968e721,f382c7900331c0be2f56b95f8fd95ed77f86dd5d4b06239da078e03d180eee4d
n_345,train,not_drowsy,90,10,10,BOTH_BEHAVIOR_LIMITS_EXCEEDED,True,29f74d12e4a522352868297c1661224c5d444f2829f1cae6866c8b2d1968e721,f382c7900331c0be2f56b95f8fd95ed77f86dd5d4b06239da078e03d180eee4d
n_347,train,not_drowsy,90,10,10,BOTH_BEHAVIOR_LIMITS_EXCEEDED,True,29f74d12e4a522352868297c1661224c5d444f2829f1cae6866c8b2d1968e721,f382c7900331c0be2f56b95f8fd95ed77f86dd5d4b06239da078e03d180eee4d
n_348,train,not_drowsy,72,28,20,BOTH_BEHAVIOR_LIMITS_EXCEEDED,False,29f74d12e4a522352868297c1661224c5d444f2829f1cae6866c8b2d1968e721,f382c7900331c0be2f56b95f8fd95ed77f86dd5d4b06239da078e03d180eee4d
n_349,train,not_drowsy,91,9,9,BOTH_BEHAVIOR_LIMITS_EXCEEDED,True,29f74d12e4a522352868297c1661224c5d444f2829f1cae6866c8b2d1968e721,f382c7900331c0be2f56b95f8fd95ed77f86dd5d4b06239da078e03d180eee4d
n_35,train,not_drowsy,92,8,7,BOTH_BEHAVIOR_LIMITS_EXCEEDED,True,29f74d12e4a522352868297c1661224c5d444f2829f1cae6866c8b2d1968e721,f382c7900331c0be2f56b95f8fd95ed77f86dd5d4b06239da078e03d180eee4d
n_352,train,not_drowsy,91,9,7,BOTH_BEHAVIOR_LIMITS_EXCEEDED,True,29f74d12e4a522352868297c1661224c5d444f2829f1cae6866c8b2d1968e721,f382c7900331c0be2f56b95f8fd95ed77f86dd5d4b06239da078e03d180eee4d
n_357,val,not_drowsy,92,8,8,BOTH_BEHAVIOR_LIMITS_EXCEEDED,True,29f74d12e4a522352868297c1661224c5d444f2829f1cae6866c8b2d1968e721,f382c7900331c0be2f56b95f8fd95ed77f86dd5d4b06239da078e03d180eee4d
n_358,train,not_drowsy,88,12,9,BOTH_BEHAVIOR_LIMITS_EXCEEDED,True,29f74d12e4a522352868297c1661224c5d444f2829f1cae6866c8b2d1968e721,f382c7900331c0be2f56b95f8fd95ed77f86dd5d4b06239da078e03d180eee4d
n_359,train,not_drowsy,93,7,7,BOTH_BEHAVIOR_LIMITS_EXCEEDED,True,29f74d12e4a522352868297c1661224c5d444f2829f1cae6866c8b2d1968e721,f382c7900331c0be2f56b95f8fd95ed77f86dd5d4b06239da078e03d180eee4d
n_360,val,not_drowsy,92,8,7,BOTH_BEHAVIOR_LIMITS_EXCEEDED,True,29f74d12e4a522352868297c1661224c5d444f2829f1cae6866c8b2d1968e721,f382c7900331c0be2f56b95f8fd95ed77f86dd5d4b06239da078e03d180eee4d
n_366,train,not_drowsy,55,45,16,BOTH_BEHAVIOR_LIMITS_EXCEEDED,False,29f74d12e4a522352868297c1661224c5d444f2829f1cae6866c8b2d1968e721,f382c7900331c0be2f56b95f8fd95ed77f86dd5d4b06239da078e03d180eee4d
n_370,train,not_drowsy,64,36,36,BOTH_BEHAVIOR_LIMITS_EXCEEDED,False,29f74d12e4a522352868297c1661224c5d444f2829f1cae6866c8b2d1968e721,f382c7900331c0be2f56b95f8fd95ed77f86dd5d4b06239da078e03d180eee4d
n_374,train,not_drowsy,89,11,11,BOTH_BEHAVIOR_LIMITS_EXCEEDED,True,29f74d12e4a522352868297c1661224c5d444f2829f1cae6866c8b2d1968e721,f382c7900331c0be2f56b95f8fd95ed77f86dd5d4b06239da078e03d180eee4d
n_375,train,not_drowsy,91,9,9,BOTH_BEHAVIOR_LIMITS_EXCEEDED,True,29f74d12e4a522352868297c1661224c5d444f2829f1cae6866c8b2d1968e721,f382c7900331c0be2f56b95f8fd95ed77f86dd5d4b06239da078e03d180eee4d
n_385,val,not_drowsy,87,13,8,BOTH_BEHAVIOR_LIMITS_EXCEEDED,True,29f74d12e4a522352868297c1661224c5d444f2829f1cae6866c8b2d1968e721,f382c7900331c0be2f56b95f8fd95ed77f86dd5d4b06239da078e03d180eee4d
n_388,train,not_drowsy,57,43,18,BOTH_BEHAVIOR_LIMITS_EXCEEDED,False,29f74d12e4a522352868297c1661224c5d444f2829f1cae6866c8b2d1968e721,f382c7900331c0be2f56b95f8fd95ed77f86dd5d4b06239da078e03d180eee4d
n_389,val,not_drowsy,17,83,83,BOTH_BEHAVIOR_LIMITS_EXCEEDED,False,29f74d12e4a522352868297c1661224c5d444f2829f1cae6866c8b2d1968e721,f382c7900331c0be2f56b95f8fd95ed77f86dd5d4b06239da078e03d180eee4d
n_390,train,not_drowsy,72,28,11,BOTH_BEHAVIOR_LIMITS_EXCEEDED,False,29f74d12e4a522352868297c1661224c5d444f2829f1cae6866c8b2d1968e721,f382c7900331c0be2f56b95f8fd95ed77f86dd5d4b06239da078e03d180eee4d
n_405,train,not_drowsy,62,38,16,BOTH_BEHAVIOR_LIMITS_EXCEEDED,False,29f74d12e4a522352868297c1661224c5d444f2829f1cae6866c8b2d1968e721,f382c7900331c0be2f56b95f8fd95ed77f86dd5d4b06239da078e03d180eee4d
n_407,train,not_drowsy,85,15,8,BOTH_BEHAVIOR_LIMITS_EXCEEDED,False,29f74d12e4a522352868297c1661224c5d444f2829f1cae6866c8b2d1968e721,f382c7900331c0be2f56b95f8fd95ed77f86dd5d4b06239da078e03d180eee4d
n_409,val,not_drowsy,90,10,10,BOTH_BEHAVIOR_LIMITS_EXCEEDED,True,29f74d12e4a522352868297c1661224c5d444f2829f1cae6866c8b2d1968e721,f382c7900331c0be2f56b95f8fd95ed77f86dd5d4b06239da078e03d180eee4d
n_415,train,not_drowsy,88,12,5,INSUFFICIENT_VALID_BEHAVIOR,True,29f74d12e4a522352868297c1661224c5d444f2829f1cae6866c8b2d1968e721,f382c7900331c0be2f56b95f8fd95ed77f86dd5d4b06239da078e03d180eee4d
n_437,train,not_drowsy,94,6,6,BOTH_BEHAVIOR_LIMITS_EXCEEDED,True,29f74d12e4a522352868297c1661224c5d444f2829f1cae6866c8b2d1968e721,f382c7900331c0be2f56b95f8fd95ed77f86dd5d4b06239da078e03d180eee4d
n_438,val,not_drowsy,86,14,5,INSUFFICIENT_VALID_BEHAVIOR,True,29f74d12e4a522352868297c1661224c5d444f2829f1cae6866c8b2d1968e721,f382c7900331c0be2f56b95f8fd95ed77f86dd5d4b06239da078e03d180eee4d
n_443,train,not_drowsy,86,14,8,BOTH_BEHAVIOR_LIMITS_EXCEEDED,True,29f74d12e4a522352868297c1661224c5d444f2829f1cae6866c8b2d1968e721,f382c7900331c0be2f56b95f8fd95ed77f86dd5d4b06239da078e03d180eee4d
n_531,train,not_drowsy,51,49,37,BOTH_BEHAVIOR_LIMITS_EXCEEDED,False,29f74d12e4a522352868297c1661224c5d444f2829f1cae6866c8b2d1968e721,f382c7900331c0be2f56b95f8fd95ed77f86dd5d4b06239da078e03d180eee4d
n_532,train,not_drowsy,33,67,48,BOTH_BEHAVIOR_LIMITS_EXCEEDED,False,29f74d12e4a522352868297c1661224c5d444f2829f1cae6866c8b2d1968e721,f382c7900331c0be2f56b95f8fd95ed77f86dd5d4b06239da078e03d180eee4d
n_533,train,not_drowsy,84,16,16,BOTH_BEHAVIOR_LIMITS_EXCEEDED,False,29f74d12e4a522352868297c1661224c5d444f2829f1cae6866c8b2d1968e721,f382c7900331c0be2f56b95f8fd95ed77f86dd5d4b06239da078e03d180eee4d
n_534,train,not_drowsy,67,33,21,BOTH_BEHAVIOR_LIMITS_EXCEEDED,False,29f74d12e4a522352868297c1661224c5d444f2829f1cae6866c8b2d1968e721,f382c7900331c0be2f56b95f8fd95ed77f86dd5d4b06239da078e03d180eee4d
n_537,train,not_drowsy,82,18,7,BOTH_BEHAVIOR_LIMITS_EXCEEDED,True,29f74d12e4a522352868297c1661224c5d444f2829f1cae6866c8b2d1968e721,f382c7900331c0be2f56b95f8fd95ed77f86dd5d4b06239da078e03d180eee4d
n_538,train,not_drowsy,91,9,9,BOTH_BEHAVIOR_LIMITS_EXCEEDED,True,29f74d12e4a522352868297c1661224c5d444f2829f1cae6866c8b2d1968e721,f382c7900331c0be2f56b95f8fd95ed77f86dd5d4b06239da078e03d180eee4d
n_541,train,not_drowsy,87,13,10,BOTH_BEHAVIOR_LIMITS_EXCEEDED,True,29f74d12e4a522352868297c1661224c5d444f2829f1cae6866c8b2d1968e721,f382c7900331c0be2f56b95f8fd95ed77f86dd5d4b06239da078e03d180eee4d
n_554,train,not_drowsy,61,39,15,BOTH_BEHAVIOR_LIMITS_EXCEEDED,False,29f74d12e4a522352868297c1661224c5d444f2829f1cae6866c8b2d1968e721,f382c7900331c0be2f56b95f8fd95ed77f86dd5d4b06239da078e03d180eee4d
n_561,train,not_drowsy,78,22,20,BOTH_BEHAVIOR_LIMITS_EXCEEDED,False,29f74d12e4a522352868297c1661224c5d444f2829f1cae6866c8b2d1968e721,f382c7900331c0be2f56b95f8fd95ed77f86dd5d4b06239da078e03d180eee4d
n_568,train,not_drowsy,94,6,6,BOTH_BEHAVIOR_LIMITS_EXCEEDED,True,29f74d12e4a522352868297c1661224c5d444f2829f1cae6866c8b2d1968e721,f382c7900331c0be2f56b95f8fd95ed77f86dd5d4b06239da078e03d180eee4d
n_6,val,not_drowsy,93,7,7,BOTH_BEHAVIOR_LIMITS_EXCEEDED,True,29f74d12e4a522352868297c1661224c5d444f2829f1cae6866c8b2d1968e721,f382c7900331c0be2f56b95f8fd95ed77f86dd5d4b06239da078e03d180eee4d
n_61,val,not_drowsy,72,28,19,BOTH_BEHAVIOR_LIMITS_EXCEEDED,False,29f74d12e4a522352868297c1661224c5d444f2829f1cae6866c8b2d1968e721,f382c7900331c0be2f56b95f8fd95ed77f86dd5d4b06239da078e03d180eee4d
n_644,val,not_drowsy,85,15,12,BOTH_BEHAVIOR_LIMITS_EXCEEDED,True,29f74d12e4a522352868297c1661224c5d444f2829f1cae6866c8b2d1968e721,f382c7900331c0be2f56b95f8fd95ed77f86dd5d4b06239da078e03d180eee4d
n_671,val,not_drowsy,75,25,25,BOTH_BEHAVIOR_LIMITS_EXCEEDED,False,29f74d12e4a522352868297c1661224c5d444f2829f1cae6866c8b2d1968e721,f382c7900331c0be2f56b95f8fd95ed77f86dd5d4b06239da078e03d180eee4d
n_676,train,not_drowsy,92,8,6,BOTH_BEHAVIOR_LIMITS_EXCEEDED,True,29f74d12e4a522352868297c1661224c5d444f2829f1cae6866c8b2d1968e721,f382c7900331c0be2f56b95f8fd95ed77f86dd5d4b06239da078e03d180eee4d
n_677,train,not_drowsy,80,20,16,BOTH_BEHAVIOR_LIMITS_EXCEEDED,False,29f74d12e4a522352868297c1661224c5d444f2829f1cae6866c8b2d1968e721,f382c7900331c0be2f56b95f8fd95ed77f86dd5d4b06239da078e03d180eee4d
n_678,train,not_drowsy,52,48,16,BOTH_BEHAVIOR_LIMITS_EXCEEDED,False,29f74d12e4a522352868297c1661224c5d444f2829f1cae6866c8b2d1968e721,f382c7900331c0be2f56b95f8fd95ed77f86dd5d4b06239da078e03d180eee4d
n_679,train,not_drowsy,85,15,8,BOTH_BEHAVIOR_LIMITS_EXCEEDED,True,29f74d12e4a522352868297c1661224c5d444f2829f1cae6866c8b2d1968e721,f382c7900331c0be2f56b95f8fd95ed77f86dd5d4b06239da078e03d180eee4d
n_680,train,not_drowsy,87,13,6,BOTH_BEHAVIOR_LIMITS_EXCEEDED,True,29f74d12e4a522352868297c1661224c5d444f2829f1cae6866c8b2d1968e721,f382c7900331c0be2f56b95f8fd95ed77f86dd5d4b06239da078e03d180eee4d
n_705,train,not_drowsy,93,7,7,BOTH_BEHAVIOR_LIMITS_EXCEEDED,True,29f74d12e4a522352868297c1661224c5d444f2829f1cae6866c8b2d1968e721,f382c7900331c0be2f56b95f8fd95ed77f86dd5d4b06239da078e03d180eee4d
n_725,train,not_drowsy,94,6,6,BOTH_BEHAVIOR_LIMITS_EXCEEDED,True,29f74d12e4a522352868297c1661224c5d444f2829f1cae6866c8b2d1968e721,f382c7900331c0be2f56b95f8fd95ed77f86dd5d4b06239da078e03d180eee4d
n_726,val,not_drowsy,63,37,17,BOTH_BEHAVIOR_LIMITS_EXCEEDED,False,29f74d12e4a522352868297c1661224c5d444f2829f1cae6866c8b2d1968e721,f382c7900331c0be2f56b95f8fd95ed77f86dd5d4b06239da078e03d180eee4d
n_727,train,not_drowsy,93,7,4,INSUFFICIENT_VALID_BEHAVIOR,True,29f74d12e4a522352868297c1661224c5d444f2829f1cae6866c8b2d1968e721,f382c7900331c0be2f56b95f8fd95ed77f86dd5d4b06239da078e03d180eee4d
n_732,train,not_drowsy,83,17,17,BOTH_BEHAVIOR_LIMITS_EXCEEDED,False,29f74d12e4a522352868297c1661224c5d444f2829f1cae6866c8b2d1968e721,f382c7900331c0be2f56b95f8fd95ed77f86dd5d4b06239da078e03d180eee4d
n_744,train,not_drowsy,77,23,23,BOTH_BEHAVIOR_LIMITS_EXCEEDED,False,29f74d12e4a522352868297c1661224c5d444f2829f1cae6866c8b2d1968e721,f382c7900331c0be2f56b95f8fd95ed77f86dd5d4b06239da078e03d180eee4d
n_745,train,not_drowsy,84,16,16,BOTH_BEHAVIOR_LIMITS_EXCEEDED,False,29f74d12e4a522352868297c1661224c5d444f2829f1cae6866c8b2d1968e721,f382c7900331c0be2f56b95f8fd95ed77f86dd5d4b06239da078e03d180eee4d
n_76,train,not_drowsy,52,48,31,BOTH_BEHAVIOR_LIMITS_EXCEEDED,False,29f74d12e4a522352868297c1661224c5d444f2829f1cae6866c8b2d1968e721,f382c7900331c0be2f56b95f8fd95ed77f86dd5d4b06239da078e03d180eee4d
n_77,train,not_drowsy,94,6,6,BOTH_BEHAVIOR_LIMITS_EXCEEDED,True,29f74d12e4a522352868297c1661224c5d444f2829f1cae6866c8b2d1968e721,f382c7900331c0be2f56b95f8fd95ed77f86dd5d4b06239da078e03d180eee4d
n_79,val,not_drowsy,70,30,23,BOTH_BEHAVIOR_LIMITS_EXCEEDED,False,29f74d12e4a522352868297c1661224c5d444f2829f1cae6866c8b2d1968e721,f382c7900331c0be2f56b95f8fd95ed77f86dd5d4b06239da078e03d180eee4d
n_8,val,not_drowsy,91,9,8,BOTH_BEHAVIOR_LIMITS_EXCEEDED,True,29f74d12e4a522352868297c1661224c5d444f2829f1cae6866c8b2d1968e721,f382c7900331c0be2f56b95f8fd95ed77f86dd5d4b06239da078e03d180eee4d
n_804,train,not_drowsy,93,7,6,BOTH_BEHAVIOR_LIMITS_EXCEEDED,True,29f74d12e4a522352868297c1661224c5d444f2829f1cae6866c8b2d1968e721,f382c7900331c0be2f56b95f8fd95ed77f86dd5d4b06239da078e03d180eee4d
n_805,train,not_drowsy,86,14,8,BOTH_BEHAVIOR_LIMITS_EXCEEDED,False,29f74d12e4a522352868297c1661224c5d444f2829f1cae6866c8b2d1968e721,f382c7900331c0be2f56b95f8fd95ed77f86dd5d4b06239da078e03d180eee4d
n_811,train,not_drowsy,91,9,4,INSUFFICIENT_VALID_BEHAVIOR,True,29f74d12e4a522352868297c1661224c5d444f2829f1cae6866c8b2d1968e721,f382c7900331c0be2f56b95f8fd95ed77f86dd5d4b06239da078e03d180eee4d
n_812,train,not_drowsy,84,16,6,BOTH_BEHAVIOR_LIMITS_EXCEEDED,True,29f74d12e4a522352868297c1661224c5d444f2829f1cae6866c8b2d1968e721,f382c7900331c0be2f56b95f8fd95ed77f86dd5d4b06239da078e03d180eee4d
n_814,train,not_drowsy,90,10,6,BOTH_BEHAVIOR_LIMITS_EXCEEDED,True,29f74d12e4a522352868297c1661224c5d444f2829f1cae6866c8b2d1968e721,f382c7900331c0be2f56b95f8fd95ed77f86dd5d4b06239da078e03d180eee4d
n_82,val,not_drowsy,40,60,59,BOTH_BEHAVIOR_LIMITS_EXCEEDED,False,29f74d12e4a522352868297c1661224c5d444f2829f1cae6866c8b2d1968e721,f382c7900331c0be2f56b95f8fd95ed77f86dd5d4b06239da078e03d180eee4d
n_834,train,not_drowsy,83,17,13,BOTH_BEHAVIOR_LIMITS_EXCEEDED,True,29f74d12e4a522352868297c1661224c5d444f2829f1cae6866c8b2d1968e721,f382c7900331c0be2f56b95f8fd95ed77f86dd5d4b06239da078e03d180eee4d
n_837,train,not_drowsy,90,10,10,BOTH_BEHAVIOR_LIMITS_EXCEEDED,True,29f74d12e4a522352868297c1661224c5d444f2829f1cae6866c8b2d1968e721,f382c7900331c0be2f56b95f8fd95ed77f86dd5d4b06239da078e03d180eee4d
n_841,val,not_drowsy,84,16,11,BOTH_BEHAVIOR_LIMITS_EXCEEDED,True,29f74d12e4a522352868297c1661224c5d444f2829f1cae6866c8b2d1968e721,f382c7900331c0be2f56b95f8fd95ed77f86dd5d4b06239da078e03d180eee4d
n_842,train,not_drowsy,33,67,26,BOTH_BEHAVIOR_LIMITS_EXCEEDED,False,29f74d12e4a522352868297c1661224c5d444f2829f1cae6866c8b2d1968e721,f382c7900331c0be2f56b95f8fd95ed77f86dd5d4b06239da078e03d180eee4d
n_843,train,not_drowsy,69,31,20,BOTH_BEHAVIOR_LIMITS_EXCEEDED,False,29f74d12e4a522352868297c1661224c5d444f2829f1cae6866c8b2d1968e721,f382c7900331c0be2f56b95f8fd95ed77f86dd5d4b06239da078e03d180eee4d
n_846,train,not_drowsy,90,10,3,INSUFFICIENT_VALID_BEHAVIOR,True,29f74d12e4a522352868297c1661224c5d444f2829f1cae6866c8b2d1968e721,f382c7900331c0be2f56b95f8fd95ed77f86dd5d4b06239da078e03d180eee4d
n_850,train,not_drowsy,79,21,11,BOTH_BEHAVIOR_LIMITS_EXCEEDED,True,29f74d12e4a522352868297c1661224c5d444f2829f1cae6866c8b2d1968e721,f382c7900331c0be2f56b95f8fd95ed77f86dd5d4b06239da078e03d180eee4d
n_855,train,not_drowsy,92,8,8,BOTH_BEHAVIOR_LIMITS_EXCEEDED,True,29f74d12e4a522352868297c1661224c5d444f2829f1cae6866c8b2d1968e721,f382c7900331c0be2f56b95f8fd95ed77f86dd5d4b06239da078e03d180eee4d
n_857,train,not_drowsy,57,43,17,BOTH_BEHAVIOR_LIMITS_EXCEEDED,False,29f74d12e4a522352868297c1661224c5d444f2829f1cae6866c8b2d1968e721,f382c7900331c0be2f56b95f8fd95ed77f86dd5d4b06239da078e03d180eee4d
n_861,train,not_drowsy,79,21,10,BOTH_BEHAVIOR_LIMITS_EXCEEDED,True,29f74d12e4a522352868297c1661224c5d444f2829f1cae6866c8b2d1968e721,f382c7900331c0be2f56b95f8fd95ed77f86dd5d4b06239da078e03d180eee4d
n_862,train,not_drowsy,84,16,9,BOTH_BEHAVIOR_LIMITS_EXCEEDED,True,29f74d12e4a522352868297c1661224c5d444f2829f1cae6866c8b2d1968e721,f382c7900331c0be2f56b95f8fd95ed77f86dd5d4b06239da078e03d180eee4d
n_863,train,not_drowsy,90,10,10,BOTH_BEHAVIOR_LIMITS_EXCEEDED,True,29f74d12e4a522352868297c1661224c5d444f2829f1cae6866c8b2d1968e721,f382c7900331c0be2f56b95f8fd95ed77f86dd5d4b06239da078e03d180eee4d
n_864,train,not_drowsy,94,6,6,BOTH_BEHAVIOR_LIMITS_EXCEEDED,True,29f74d12e4a522352868297c1661224c5d444f2829f1cae6866c8b2d1968e721,f382c7900331c0be2f56b95f8fd95ed77f86dd5d4b06239da078e03d180eee4d
n_865,val,not_drowsy,82,18,13,BOTH_BEHAVIOR_LIMITS_EXCEEDED,False,29f74d12e4a522352868297c1661224c5d444f2829f1cae6866c8b2d1968e721,f382c7900331c0be2f56b95f8fd95ed77f86dd5d4b06239da078e03d180eee4d
n_871,train,not_drowsy,86,14,14,BOTH_BEHAVIOR_LIMITS_EXCEEDED,False,29f74d12e4a522352868297c1661224c5d444f2829f1cae6866c8b2d1968e721,f382c7900331c0be2f56b95f8fd95ed77f86dd5d4b06239da078e03d180eee4d
n_934,train,not_drowsy,90,10,5,INSUFFICIENT_VALID_BEHAVIOR,True,29f74d12e4a522352868297c1661224c5d444f2829f1cae6866c8b2d1968e721,f382c7900331c0be2f56b95f8fd95ed77f86dd5d4b06239da078e03d180eee4d
n_957,train,not_drowsy,89,11,6,BOTH_BEHAVIOR_LIMITS_EXCEEDED,True,29f74d12e4a522352868297c1661224c5d444f2829f1cae6866c8b2d1968e721,f382c7900331c0be2f56b95f8fd95ed77f86dd5d4b06239da078e03d180eee4d
n_995,train,not_drowsy,81,19,14,BOTH_BEHAVIOR_LIMITS_EXCEEDED,True,29f74d12e4a522352868297c1661224c5d444f2829f1cae6866c8b2d1968e721,f382c7900331c0be2f56b95f8fd95ed77f86dd5d4b06239da078e03d180eee4d
n_996,val,not_drowsy,86,14,5,INSUFFICIENT_VALID_BEHAVIOR,True,29f74d12e4a522352868297c1661224c5d444f2829f1cae6866c8b2d1968e721,f382c7900331c0be2f56b95f8fd95ed77f86dd5d4b06239da078e03d180eee4d
n_997,val,not_drowsy,88,12,6,BOTH_BEHAVIOR_LIMITS_EXCEEDED,True,29f74d12e4a522352868297c1661224c5d444f2829f1cae6866c8b2d1968e721,f382c7900331c0be2f56b95f8fd95ed77f86dd5d4b06239da078e03d180eee4d
n_998,train,not_drowsy,81,19,16,BOTH_BEHAVIOR_LIMITS_EXCEEDED,False,29f74d12e4a522352868297c1661224c5d444f2829f1cae6866c8b2d1968e721,f382c7900331c0be2f56b95f8fd95ed77f86dd5d4b06239da078e03d180eee4d
n_999,train,not_drowsy,84,16,13,BOTH_BEHAVIOR_LIMITS_EXCEEDED,True,29f74d12e4a522352868297c1661224c5d444f2829f1cae6866c8b2d1968e721,f382c7900331c0be2f56b95f8fd95ed77f86dd5d4b06239da078e03d180eee4d
